image_id,sun_azimuth_angle,label
train_00001.png,77.69,1
train_00002.png,75.97,1
train_00003.png,172.66,1
train_00004.png,150.14,1
train_00005.png,109.42,0
train_00006.png,303.84,0
train_00007.png,267.33,1
train_00008.png,356.73,1
train_00009.png,177.07,0
train_00010.png,326.32,0
train_00011.png,278.78,1
train_00012.png,286.2,0
train_00013.png,248.34,1
train_00014.png,153.4,1
train_00015.png,277.36,0
train_00016.png,283.31,0
train_00017.png,289.09,0
train_00018.png,354.6,0
train_00019.png,265.65,0
train_00020.png,106.18,0
train_00021.png,132.16,1
train_00022.png,276.76,0
train_00023.png,288.13,0
train_00024.png,320.0,1
train_00025.png,140.59,1
train_00026.png,289.84,0
train_00027.png,70.81,1
train_00028.png,331.15,0
train_00029.png,278.81,0
train_00030.png,277.01,1
train_00031.png,177.89,1
train_00032.png,184.36,1
train_00033.png,295.85,0
train_00034.png,6.6,1
train_00035.png,33.94,1
train_00036.png,312.04,0
train_00037.png,253.09,0
train_00038.png,344.03,0
train_00039.png,161.59,0
train_00040.png,256.77,0
train_00041.png,285.28,0
train_00042.png,30.84,1
train_00043.png,296.16,1
train_00044.png,19.58,1
train_00045.png,133.83,0
train_00046.png,282.61,0
train_00047.png,98.85,1
train_00048.png,46.78,1
train_00049.png,331.51,0
train_00050.png,123.83,0
train_00051.png,12.87,1
train_00052.png,337.04,0
train_00053.png,173.36,1
train_00054.png,272.23,0
train_00055.png,337.46,0
train_00056.png,100.94,1
train_00057.png,241.67,1
train_00058.png,335.58,1
train_00059.png,301.06,0
train_00060.png,324.35,1
train_00061.png,305.69,1
train_00062.png,325.45,0
train_00063.png,132.37,1
train_00064.png,70.21,1
train_00065.png,168.25,1
train_00066.png,348.43,0
train_00067.png,306.51,1
train_00068.png,346.16,0
train_00069.png,2.14,1
train_00070.png,312.47,0
train_00071.png,35.98,1
train_00072.png,80.61,1
train_00073.png,168.74,1
train_00074.png,167.76,1
train_00075.png,356.48,0
train_00076.png,305.99,0
train_00077.png,271.92,1
train_00078.png,280.1,0
train_00079.png,49.28,1
train_00080.png,195.93,1
train_00081.png,340.18,0
train_00082.png,287.59,1
train_00083.png,356.37,1
train_00084.png,183.38,1
train_00085.png,272.24,0
train_00086.png,296.83,0
train_00087.png,312.75,1
train_00088.png,316.56,0
train_00089.png,60.82,1
train_00090.png,98.57,1
train_00091.png,116.85,1
train_00092.png,67.23,1
train_00093.png,285.82,0
train_00094.png,213.46,1
train_00095.png,20.46,1
train_00096.png,167.16,0
train_00097.png,209.17,1
train_00098.png,23.82,1
train_00099.png,319.61,0
train_00100.png,321.88,0
train_00101.png,355.42,0
train_00102.png,324.53,0
train_00103.png,250.42,0
train_00104.png,170.92,0
train_00105.png,15.56,1
train_00106.png,277.6,0
train_00107.png,24.64,1
train_00108.png,271.23,0
train_00109.png,327.58,0
train_00110.png,182.36,1
train_00111.png,36.57,1
train_00112.png,9.98,1
train_00113.png,265.42,1
train_00114.png,359.15,0
train_00115.png,290.41,0
train_00116.png,292.25,1
train_00117.png,317.7,0
train_00118.png,27.52,1
train_00119.png,274.61,0
train_00120.png,300.77,0
train_00121.png,345.36,1
train_00122.png,200.83,1
train_00123.png,302.08,0
train_00124.png,215.05,1
train_00125.png,346.97,0
train_00126.png,272.05,1
train_00127.png,348.88,1
train_00128.png,343.01,1
train_00129.png,351.31,0
train_00130.png,346.34,0
train_00131.png,273.97,0
train_00132.png,332.88,0
train_00133.png,309.12,0
train_00134.png,271.19,0
train_00135.png,271.64,0
train_00136.png,164.85,1
train_00137.png,313.44,0
train_00138.png,320.09,0
train_00139.png,274.57,1
train_00140.png,86.26,1
train_00141.png,293.27,0
train_00142.png,35.0,1
train_00143.png,346.35,1
train_00144.png,335.75,0
train_00145.png,337.02,0
train_00146.png,314.64,1
train_00147.png,203.46,1
train_00148.png,212.16,1
train_00149.png,10.39,1
train_00150.png,82.8,0
train_00151.png,358.56,1
train_00152.png,289.95,0
train_00153.png,329.45,1
train_00154.png,195.37,1
train_00155.png,51.59,1
train_00156.png,305.45,0
train_00157.png,345.19,0
train_00158.png,293.06,1
train_00159.png,23.35,1
train_00160.png,82.83,1
train_00161.png,263.65,1
train_00162.png,309.93,1
train_00163.png,327.34,0
train_00164.png,81.77,1
train_00165.png,279.32,0
train_00166.png,137.35,1
train_00167.png,185.05,1
train_00168.png,251.73,1
train_00169.png,180.36,1
train_00170.png,327.23,0
train_00171.png,221.8,1
train_00172.png,209.23,1
train_00173.png,31.49,1
train_00174.png,94.61,1
train_00175.png,292.97,0
train_00176.png,274.78,0
train_00177.png,299.88,0
train_00178.png,64.33,1
train_00179.png,134.37,1
train_00180.png,357.11,0
train_00181.png,85.95,1
train_00182.png,348.2,0
train_00183.png,329.24,0
train_00184.png,322.39,1
train_00185.png,88.18,1
train_00186.png,358.99,0
train_00187.png,163.39,1
train_00188.png,330.41,1
train_00189.png,337.49,0
train_00190.png,46.51,1
train_00191.png,342.8,0
train_00192.png,345.13,1
train_00193.png,335.05,1
train_00194.png,69.31,1
train_00195.png,340.33,1
train_00196.png,18.13,1
train_00197.png,307.97,0
train_00198.png,350.78,0
train_00199.png,129.77,0
train_00200.png,144.05,1
train_00201.png,284.38,1
train_00202.png,177.05,1
train_00203.png,189.04,1
train_00204.png,261.27,1
train_00205.png,172.53,1
train_00206.png,54.96,1
train_00207.png,179.63,0
train_00208.png,277.64,0
train_00209.png,301.22,1
train_00210.png,79.66,1
train_00211.png,284.55,1
train_00212.png,340.67,1
train_00213.png,327.89,0
train_00214.png,173.86,1
train_00215.png,145.32,1
train_00216.png,327.25,0
train_00217.png,157.72,1
train_00218.png,78.18,1
train_00219.png,187.11,1
train_00220.png,148.7,1
train_00221.png,293.6,1
train_00222.png,90.79,1
train_00223.png,118.29,1
train_00224.png,32.78,1
train_00225.png,346.74,1
train_00226.png,82.79,1
train_00227.png,84.19,1
train_00228.png,208.88,1
train_00229.png,115.07,1
train_00230.png,323.8,0
train_00231.png,315.77,0
train_00232.png,155.91,1
train_00233.png,282.41,1
train_00234.png,15.24,1
train_00235.png,309.0,0
train_00236.png,302.04,0
train_00237.png,45.59,0
train_00238.png,305.87,0
train_00239.png,296.89,0
train_00240.png,201.14,1
train_00241.png,297.29,0
train_00242.png,123.83,1
train_00243.png,112.81,0
train_00244.png,244.32,0
train_00245.png,304.43,1
train_00246.png,28.43,0
train_00247.png,317.79,1
train_00248.png,135.11,1
train_00249.png,100.39,1
train_00250.png,227.05,1
train_00251.png,196.28,1
train_00252.png,271.78,0
train_00253.png,172.86,1
train_00254.png,284.58,1
train_00255.png,222.6,1
train_00256.png,319.42,1
train_00257.png,224.74,1
train_00258.png,349.1,0
train_00259.png,158.94,1
train_00260.png,263.86,1
train_00261.png,87.24,1
train_00262.png,115.86,1
train_00263.png,186.13,1
train_00264.png,7.54,0
train_00265.png,239.59,1
train_00266.png,315.43,1
train_00267.png,134.68,1
train_00268.png,58.11,1
train_00269.png,288.0,0
train_00270.png,139.81,1
train_00271.png,171.74,1
train_00272.png,326.98,0
train_00273.png,315.96,1
train_00274.png,341.09,0
train_00275.png,256.58,1
train_00276.png,141.4,1
train_00277.png,174.73,1
train_00278.png,203.12,1
train_00279.png,180.61,1
train_00280.png,306.91,0
train_00281.png,295.57,0
train_00282.png,207.79,1
train_00283.png,317.48,1
train_00284.png,10.64,1
train_00285.png,59.28,1
train_00286.png,19.31,1
train_00287.png,337.18,0
train_00288.png,43.71,1
train_00289.png,53.86,1
train_00290.png,111.33,1
train_00291.png,115.96,1
train_00292.png,311.02,0
train_00293.png,321.55,1
train_00294.png,236.21,1
train_00295.png,320.14,1
train_00296.png,313.66,1
train_00297.png,342.28,0
train_00298.png,61.14,1
train_00299.png,349.14,0
train_00300.png,276.19,0
train_00301.png,133.46,1
train_00302.png,201.67,1
train_00303.png,280.01,1
train_00304.png,291.02,0
train_00305.png,186.0,1
train_00306.png,252.18,1
train_00307.png,238.1,1
train_00308.png,280.82,0
train_00309.png,191.95,1
train_00310.png,270.34,0
train_00311.png,51.55,1
train_00312.png,309.86,1
train_00313.png,126.91,1
train_00314.png,355.75,1
train_00315.png,319.95,0
train_00316.png,79.43,1
train_00317.png,299.83,1
train_00318.png,304.24,1
train_00319.png,225.21,1
train_00320.png,161.31,1
train_00321.png,355.45,0
train_00322.png,248.6,1
train_00323.png,61.96,1
train_00324.png,282.56,0
train_00325.png,355.36,0
train_00326.png,310.67,0
train_00327.png,138.61,1
train_00328.png,347.34,1
train_00329.png,297.02,0
train_00330.png,286.24,0
train_00331.png,297.32,0
train_00332.png,236.4,1
train_00333.png,91.45,1
train_00334.png,348.06,0
train_00335.png,330.63,0
train_00336.png,91.21,1
train_00337.png,296.14,1
train_00338.png,304.32,0
train_00339.png,218.99,1
train_00340.png,126.41,1
train_00341.png,341.17,0
train_00342.png,132.42,0
train_00343.png,64.88,1
train_00344.png,129.77,1
train_00345.png,102.98,1
train_00346.png,39.99,1
train_00347.png,113.42,1
train_00348.png,123.85,1
train_00349.png,76.31,1
train_00350.png,310.37,0
train_00351.png,127.64,1
train_00352.png,331.82,0
train_00353.png,123.33,0
train_00354.png,337.52,0
train_00355.png,85.54,1
train_00356.png,301.4,0
train_00357.png,107.66,1
train_00358.png,235.65,1
train_00359.png,283.45,0
train_00360.png,168.59,1
train_00361.png,234.06,1
train_00362.png,350.0,0
train_00363.png,290.89,1
train_00364.png,302.19,0
train_00365.png,354.0,0
train_00366.png,177.88,1
train_00367.png,291.25,0
train_00368.png,149.79,1
train_00369.png,19.38,0
train_00370.png,273.77,0
train_00371.png,327.45,0
train_00372.png,27.21,1
train_00373.png,114.79,1
train_00374.png,217.02,1
train_00375.png,27.56,1
train_00376.png,333.62,1
train_00377.png,141.91,0
train_00378.png,322.03,1
train_00379.png,188.98,1
train_00380.png,286.49,0
train_00381.png,286.08,0
train_00382.png,316.56,1
train_00383.png,175.52,1
train_00384.png,52.98,1
train_00385.png,12.03,1
train_00386.png,353.61,1
train_00387.png,98.97,1
train_00388.png,139.56,1
train_00389.png,313.47,0
train_00390.png,287.07,0
train_00391.png,161.9,1
train_00392.png,22.31,1
train_00393.png,302.56,0
train_00394.png,356.5,0
train_00395.png,272.27,0
train_00396.png,224.09,1
train_00397.png,137.9,1
train_00398.png,224.24,0
train_00399.png,338.91,1
train_00400.png,274.18,0
train_00401.png,338.65,0
train_00402.png,352.49,0
train_00403.png,270.63,0
train_00404.png,179.94,1
train_00405.png,6.64,1
train_00406.png,38.01,1
train_00407.png,218.86,1
train_00408.png,43.14,1
train_00409.png,304.12,1
train_00410.png,90.6,1
train_00411.png,140.47,1
train_00412.png,320.14,1
train_00413.png,141.52,0
train_00414.png,291.92,0
train_00415.png,57.34,1
train_00416.png,175.11,1
train_00417.png,132.8,1
train_00418.png,127.74,0
train_00419.png,346.63,0
train_00420.png,45.74,1
train_00421.png,207.04,1
train_00422.png,194.8,1
train_00423.png,35.55,1
train_00424.png,54.58,1
train_00425.png,232.8,1
train_00426.png,53.4,1
train_00427.png,291.75,1
train_00428.png,350.8,0
train_00429.png,161.99,1
train_00430.png,32.76,1
train_00431.png,79.56,1
train_00432.png,162.14,1
train_00433.png,287.98,1
train_00434.png,38.08,1
train_00435.png,53.78,0
train_00436.png,51.54,1
train_00437.png,156.13,0
train_00438.png,337.81,1
train_00439.png,205.71,1
train_00440.png,156.76,1
train_00441.png,290.76,1
train_00442.png,251.36,1
train_00443.png,199.27,1
train_00444.png,279.22,0
train_00445.png,102.64,1
train_00446.png,52.85,1
train_00447.png,247.52,1
train_00448.png,209.67,0
train_00449.png,26.05,1
train_00450.png,357.01,0
train_00451.png,111.18,1
train_00452.png,289.68,1
train_00453.png,99.23,1
train_00454.png,343.29,1
train_00455.png,56.54,1
train_00456.png,150.57,1
train_00457.png,352.24,1
train_00458.png,182.25,1
train_00459.png,80.72,1
train_00460.png,41.14,1
train_00461.png,300.68,1
train_00462.png,172.57,1
train_00463.png,95.84,1
train_00464.png,61.84,1
train_00465.png,194.68,1
train_00466.png,349.61,0
train_00467.png,102.65,1
train_00468.png,286.81,0
train_00469.png,83.8,1
train_00470.png,338.54,0
train_00471.png,231.38,1
train_00472.png,304.84,0
train_00473.png,277.89,1
train_00474.png,328.69,0
train_00475.png,48.31,0
train_00476.png,39.1,1
train_00477.png,264.48,1
train_00478.png,22.52,0
train_00479.png,76.84,1
train_00480.png,330.16,0
train_00481.png,15.56,1
train_00482.png,271.63,1
train_00483.png,270.06,0
train_00484.png,58.0,1
train_00485.png,7.29,1
train_00486.png,12.31,1
train_00487.png,169.65,1
train_00488.png,49.81,1
train_00489.png,171.35,1
train_00490.png,166.8,1
train_00491.png,178.69,1
train_00492.png,347.74,1
train_00493.png,300.33,1
train_00494.png,34.33,1
train_00495.png,358.61,1
train_00496.png,210.42,1
train_00497.png,234.83,1
train_00498.png,326.75,1
train_00499.png,2.19,1
train_00500.png,332.73,1
train_00501.png,353.21,0
train_00502.png,316.51,1
train_00503.png,242.71,1
train_00504.png,293.03,0
train_00505.png,154.47,1
train_00506.png,101.01,1
train_00507.png,278.26,1
train_00508.png,11.85,1
train_00509.png,348.17,0
train_00510.png,318.95,0
train_00511.png,278.47,1
train_00512.png,38.92,1
train_00513.png,288.55,0
train_00514.png,220.43,1
train_00515.png,67.38,1
train_00516.png,339.24,1
train_00517.png,350.05,1
train_00518.png,3.17,1
train_00519.png,103.45,1
train_00520.png,339.61,0
train_00521.png,104.97,1
train_00522.png,335.1,0
train_00523.png,133.87,1
train_00524.png,339.19,0
train_00525.png,122.48,1
train_00526.png,350.91,0
train_00527.png,272.35,0
train_00528.png,4.78,0
train_00529.png,197.4,1
train_00530.png,312.77,0
train_00531.png,57.73,1
train_00532.png,348.84,1
train_00533.png,128.62,1
train_00534.png,13.2,0
train_00535.png,344.42,0
train_00536.png,118.04,1
train_00537.png,328.53,0
train_00538.png,286.91,1
train_00539.png,309.82,1
train_00540.png,49.04,1
train_00541.png,213.89,0
train_00542.png,333.53,0
train_00543.png,183.68,1
train_00544.png,292.04,0
train_00545.png,270.24,0
train_00546.png,305.8,0
train_00547.png,287.26,1
train_00548.png,50.5,1
train_00549.png,150.27,0
train_00550.png,340.6,0
train_00551.png,310.29,1
train_00552.png,278.45,0
train_00553.png,250.97,1
train_00554.png,347.05,0
train_00555.png,272.32,0
train_00556.png,187.56,1
train_00557.png,122.56,1
train_00558.png,18.22,0
train_00559.png,314.43,0
train_00560.png,330.51,0
train_00561.png,87.0,1
train_00562.png,321.32,0
train_00563.png,292.25,0
train_00564.png,310.55,0
train_00565.png,115.23,1
train_00566.png,316.56,1
train_00567.png,277.86,0
train_00568.png,67.38,1
train_00569.png,347.63,0
train_00570.png,130.75,1
train_00571.png,344.56,1
train_00572.png,190.22,1
train_00573.png,153.11,1
train_00574.png,59.92,1
train_00575.png,358.43,0
train_00576.png,209.07,1
train_00577.png,325.97,1
train_00578.png,278.72,1
train_00579.png,255.01,1
train_00580.png,296.11,0
train_00581.png,351.03,0
train_00582.png,259.44,1
train_00583.png,319.78,0
train_00584.png,28.62,1
train_00585.png,139.74,1
train_00586.png,259.52,1
train_00587.png,32.39,1
train_00588.png,90.09,0
train_00589.png,306.41,0
train_00590.png,341.18,0
train_00591.png,349.23,0
train_00592.png,76.28,1
train_00593.png,343.12,1
train_00594.png,32.72,1
train_00595.png,256.53,1
train_00596.png,185.87,1
train_00597.png,23.7,1
train_00598.png,18.01,1
train_00599.png,297.61,0
train_00600.png,172.33,1
train_00601.png,331.51,0
train_00602.png,214.01,1
train_00603.png,195.66,1
train_00604.png,292.02,1
train_00605.png,288.13,0
train_00606.png,92.43,1
train_00607.png,254.41,1
train_00608.png,55.93,1
train_00609.png,224.11,1
train_00610.png,316.02,0
train_00611.png,218.99,1
train_00612.png,212.22,1
train_00613.png,295.73,0
train_00614.png,355.44,0
train_00615.png,75.06,1
train_00616.png,306.88,0
train_00617.png,338.58,0
train_00618.png,279.05,0
train_00619.png,22.79,1
train_00620.png,242.51,0
train_00621.png,313.68,0
train_00622.png,271.22,1
train_00623.png,75.18,1
train_00624.png,358.17,0
train_00625.png,286.75,0
train_00626.png,292.67,0
train_00627.png,344.13,0
train_00628.png,47.62,1
train_00629.png,253.0,1
train_00630.png,69.14,1
train_00631.png,352.97,1
train_00632.png,60.86,0
train_00633.png,219.3,1
train_00634.png,30.28,1
train_00635.png,128.24,1
train_00636.png,234.71,1
train_00637.png,344.87,0
train_00638.png,117.28,1
train_00639.png,225.69,1
train_00640.png,339.9,1
train_00641.png,8.12,1
train_00642.png,297.62,0
train_00643.png,130.59,1
train_00644.png,138.55,1
train_00645.png,258.73,1
train_00646.png,307.14,0
train_00647.png,75.67,1
train_00648.png,286.46,1
train_00649.png,308.72,0
train_00650.png,205.83,1
train_00651.png,297.88,1
train_00652.png,89.24,1
train_00653.png,262.38,1
train_00654.png,195.8,1
train_00655.png,166.15,1
train_00656.png,333.2,1
train_00657.png,276.69,0
train_00658.png,191.53,1
train_00659.png,143.13,1
train_00660.png,22.01,1
train_00661.png,160.31,1
train_00662.png,272.11,1
train_00663.png,101.27,1
train_00664.png,92.28,1
train_00665.png,178.38,1
train_00666.png,325.61,1
train_00667.png,258.94,1
train_00668.png,344.48,1
train_00669.png,28.07,1
train_00670.png,157.92,1
train_00671.png,118.15,1
train_00672.png,233.0,0
train_00673.png,62.08,1
train_00674.png,309.26,1
train_00675.png,38.94,1
train_00676.png,339.66,1
train_00677.png,293.47,1
train_00678.png,279.68,1
train_00679.png,7.97,1
train_00680.png,118.77,1
train_00681.png,295.6,1
train_00682.png,184.42,1
train_00683.png,52.52,1
train_00684.png,64.9,1
train_00685.png,87.52,0
train_00686.png,333.36,1
train_00687.png,128.93,1
train_00688.png,60.11,1
train_00689.png,320.22,1
train_00690.png,119.12,0
train_00691.png,345.25,0
train_00692.png,281.83,0
train_00693.png,322.73,1
train_00694.png,295.7,0
train_00695.png,305.06,0
train_00696.png,329.26,0
train_00697.png,165.78,1
train_00698.png,338.57,0
train_00699.png,64.33,1
train_00700.png,47.44,1
train_00701.png,325.93,1
train_00702.png,221.05,1
train_00703.png,61.79,1
train_00704.png,260.58,1
train_00705.png,281.68,1
train_00706.png,346.03,0
train_00707.png,30.78,0
train_00708.png,346.93,0
train_00709.png,0.43,1
train_00710.png,242.28,1
train_00711.png,338.72,0
train_00712.png,291.48,0
train_00713.png,118.91,1
train_00714.png,50.69,1
train_00715.png,38.38,0
train_00716.png,125.53,1
train_00717.png,214.32,1
train_00718.png,110.44,1
train_00719.png,6.74,1
train_00720.png,55.04,1
train_00721.png,45.79,1
train_00722.png,260.71,1
train_00723.png,121.02,1
train_00724.png,275.98,1
train_00725.png,115.2,1
train_00726.png,156.01,1
train_00727.png,230.8,1
train_00728.png,335.36,0
train_00729.png,156.27,1
train_00730.png,29.01,0
train_00731.png,22.0,1
train_00732.png,71.16,1
train_00733.png,342.1,0
train_00734.png,81.83,1
train_00735.png,45.4,0
train_00736.png,312.48,1
train_00737.png,349.53,0
train_00738.png,316.33,1
train_00739.png,236.91,1
train_00740.png,175.77,1
train_00741.png,82.75,1
train_00742.png,232.29,0
train_00743.png,281.26,0
train_00744.png,72.89,1
train_00745.png,78.41,1
train_00746.png,258.28,1
train_00747.png,168.9,1
train_00748.png,259.65,1
train_00749.png,118.19,1
train_00750.png,275.13,1
train_00751.png,274.2,1
train_00752.png,75.92,1
train_00753.png,320.71,0
train_00754.png,191.89,1
train_00755.png,12.66,1
train_00756.png,279.58,0
train_00757.png,180.35,1
train_00758.png,181.18,1
train_00759.png,5.57,1
train_00760.png,290.15,0
train_00761.png,171.35,1
train_00762.png,343.92,0
train_00763.png,306.57,0
train_00764.png,286.7,0
train_00765.png,249.09,1
train_00766.png,142.54,1
train_00767.png,337.22,0
train_00768.png,232.84,1
train_00769.png,38.38,1
train_00770.png,240.67,1
train_00771.png,291.65,0
train_00772.png,86.93,1
train_00773.png,274.33,1
train_00774.png,73.14,1
train_00775.png,169.39,1
train_00776.png,276.93,0
train_00777.png,290.86,0
train_00778.png,327.9,0
train_00779.png,308.98,1
train_00780.png,340.96,1
train_00781.png,277.1,0
train_00782.png,289.43,0
train_00783.png,107.53,1
train_00784.png,319.49,0
train_00785.png,332.0,1
train_00786.png,215.64,1
train_00787.png,315.85,0
train_00788.png,336.05,1
train_00789.png,99.84,1
train_00790.png,356.95,0
train_00791.png,244.88,0
train_00792.png,298.89,0
train_00793.png,102.48,1
train_00794.png,287.21,0
train_00795.png,345.77,1
train_00796.png,314.99,1
train_00797.png,173.3,1
train_00798.png,240.32,0
train_00799.png,273.61,0
train_00800.png,292.0,0
train_00801.png,321.8,1
train_00802.png,218.25,0
train_00803.png,305.12,0
train_00804.png,336.95,1
train_00805.png,307.09,1
train_00806.png,348.43,0
train_00807.png,103.4,1
train_00808.png,353.2,0
train_00809.png,142.14,1
train_00810.png,267.04,1
train_00811.png,27.63,1
train_00812.png,48.73,1
train_00813.png,289.32,0
train_00814.png,208.47,1
train_00815.png,118.46,1
train_00816.png,348.14,1
train_00817.png,156.14,1
train_00818.png,41.36,1
train_00819.png,263.2,0
train_00820.png,316.46,1
train_00821.png,289.08,0
train_00822.png,336.72,1
train_00823.png,279.83,1
train_00824.png,283.74,0
train_00825.png,99.86,1
train_00826.png,60.44,1
train_00827.png,297.52,0
train_00828.png,20.9,1
train_00829.png,327.47,0
train_00830.png,340.63,0
train_00831.png,47.73,1
train_00832.png,0.62,1
train_00833.png,290.75,0
train_00834.png,345.65,0
train_00835.png,272.42,0
train_00836.png,106.95,1
train_00837.png,359.16,0
train_00838.png,280.65,0
train_00839.png,23.47,0
train_00840.png,302.53,0
train_00841.png,321.36,0
train_00842.png,304.76,0
train_00843.png,271.85,0
train_00844.png,293.43,1
train_00845.png,109.62,0
train_00846.png,273.96,0
train_00847.png,315.78,1
train_00848.png,67.21,1
train_00849.png,34.18,1
train_00850.png,305.72,1
train_00851.png,335.65,1
train_00852.png,133.28,1
train_00853.png,278.95,1
train_00854.png,338.06,0
train_00855.png,350.42,1
train_00856.png,295.0,1
train_00857.png,334.97,1
train_00858.png,128.1,1
train_00859.png,329.38,1
train_00860.png,233.66,1
train_00861.png,135.82,1
train_00862.png,78.91,1
train_00863.png,218.78,1
train_00864.png,286.27,0
train_00865.png,319.35,0
train_00866.png,353.31,0
train_00867.png,239.87,1
train_00868.png,49.12,1
train_00869.png,336.24,0
train_00870.png,144.32,1
train_00871.png,272.81,1
train_00872.png,77.31,1
train_00873.png,179.79,1
train_00874.png,351.88,0
train_00875.png,224.83,1
train_00876.png,356.9,1
train_00877.png,44.14,1
train_00878.png,110.8,0
train_00879.png,244.49,1
train_00880.png,323.04,1
train_00881.png,293.77,0
train_00882.png,257.58,1
train_00883.png,10.95,1
train_00884.png,180.25,1
train_00885.png,344.34,1
train_00886.png,177.95,1
train_00887.png,220.5,1
train_00888.png,133.2,1
train_00889.png,122.28,1
train_00890.png,255.74,1
train_00891.png,348.8,1
train_00892.png,63.38,1
train_00893.png,155.75,1
train_00894.png,34.81,1
train_00895.png,343.19,0
train_00896.png,325.92,0
train_00897.png,334.11,0
train_00898.png,340.12,0
train_00899.png,36.25,1
train_00900.png,285.44,1
train_00901.png,219.06,1
train_00902.png,333.28,0
train_00903.png,324.83,1
train_00904.png,244.62,1
train_00905.png,278.23,0
train_00906.png,266.16,1
train_00907.png,310.68,0
train_00908.png,211.91,1
train_00909.png,286.65,0
train_00910.png,306.28,1
train_00911.png,224.89,0
train_00912.png,120.27,1
train_00913.png,238.84,1
train_00914.png,124.04,1
train_00915.png,181.65,1
train_00916.png,302.0,1
train_00917.png,230.75,1
train_00918.png,302.09,0
train_00919.png,314.91,0
train_00920.png,122.91,1
train_00921.png,5.77,1
train_00922.png,254.02,1
train_00923.png,303.1,0
train_00924.png,278.87,0
train_00925.png,289.19,0
train_00926.png,240.39,1
train_00927.png,164.75,1
train_00928.png,38.6,1
train_00929.png,95.37,1
train_00930.png,58.91,1
train_00931.png,149.6,1
train_00932.png,275.44,1
train_00933.png,339.68,0
train_00934.png,314.98,1
train_00935.png,130.05,1
train_00936.png,297.46,1
train_00937.png,238.39,1
train_00938.png,335.72,0
train_00939.png,284.97,0
train_00940.png,124.98,1
train_00941.png,323.26,0
train_00942.png,274.28,0
train_00943.png,358.87,0
train_00944.png,343.12,0
train_00945.png,325.83,1
train_00946.png,110.07,1
train_00947.png,315.85,0
train_00948.png,34.44,1
train_00949.png,165.72,1
train_00950.png,358.92,1
train_00951.png,307.79,0
train_00952.png,90.18,1
train_00953.png,212.44,1
train_00954.png,357.89,0
train_00955.png,126.89,1
train_00956.png,47.02,1
train_00957.png,209.84,1
train_00958.png,322.84,0
train_00959.png,181.23,1
train_00960.png,191.65,1
train_00961.png,243.27,1
train_00962.png,281.13,1
train_00963.png,317.03,0
train_00964.png,345.45,0
train_00965.png,306.26,1
train_00966.png,72.55,0
train_00967.png,314.26,1
train_00968.png,99.67,1
train_00969.png,303.71,0
train_00970.png,210.03,1
train_00971.png,297.5,0
train_00972.png,287.1,1
train_00973.png,224.13,1
train_00974.png,339.63,1
train_00975.png,36.87,1
train_00976.png,346.65,0
train_00977.png,25.82,0
train_00978.png,328.4,1
train_00979.png,276.32,0
train_00980.png,333.72,0
train_00981.png,317.82,0
train_00982.png,222.38,0
train_00983.png,284.61,1
train_00984.png,96.01,1
train_00985.png,16.37,1
train_00986.png,283.22,0
train_00987.png,145.26,1
train_00988.png,344.17,0
train_00989.png,136.08,1
train_00990.png,328.24,0
train_00991.png,300.91,1
train_00992.png,74.46,1
train_00993.png,182.29,1
train_00994.png,316.16,1
train_00995.png,11.56,1
train_00996.png,292.64,0
train_00997.png,164.56,1
train_00998.png,308.89,0
train_00999.png,274.82,1
train_01000.png,340.43,0
train_01001.png,345.83,0
train_01002.png,302.33,0
train_01003.png,318.57,0
train_01004.png,221.54,1
train_01005.png,44.37,1
train_01006.png,325.93,0
train_01007.png,32.64,1
train_01008.png,344.86,0
train_01009.png,282.82,1
train_01010.png,349.64,1
train_01011.png,349.41,0
train_01012.png,211.24,1
train_01013.png,350.24,1
train_01014.png,51.54,1
train_01015.png,30.62,1
train_01016.png,291.71,0
train_01017.png,219.41,1
train_01018.png,350.55,1
train_01019.png,64.16,1
train_01020.png,92.51,1
train_01021.png,308.26,0
train_01022.png,297.56,0
train_01023.png,238.41,1
train_01024.png,306.79,0
train_01025.png,107.33,0
train_01026.png,337.3,0
train_01027.png,334.48,1
train_01028.png,270.46,0
train_01029.png,67.17,0
train_01030.png,91.28,1
train_01031.png,282.89,1
train_01032.png,79.17,1
train_01033.png,280.21,0
train_01034.png,347.65,1
train_01035.png,301.33,0
train_01036.png,279.62,0
train_01037.png,155.41,1
train_01038.png,295.46,0
train_01039.png,215.75,1
train_01040.png,232.85,1
train_01041.png,287.53,1
train_01042.png,33.33,1
train_01043.png,313.52,1
train_01044.png,297.67,0
train_01045.png,289.77,0
train_01046.png,173.5,1
train_01047.png,283.44,1
train_01048.png,289.56,0
train_01049.png,314.5,0
train_01050.png,197.06,1
train_01051.png,260.69,1
train_01052.png,196.6,1
train_01053.png,33.51,1
train_01054.png,109.24,0
train_01055.png,296.55,0
train_01056.png,245.98,1
train_01057.png,323.0,0
train_01058.png,274.42,0
train_01059.png,141.41,1
train_01060.png,114.4,1
train_01061.png,346.0,1
train_01062.png,331.67,0
train_01063.png,195.14,1
train_01064.png,87.78,1
train_01065.png,296.9,0
train_01066.png,232.56,1
train_01067.png,77.6,1
train_01068.png,299.37,0
train_01069.png,297.93,0
train_01070.png,296.29,1
train_01071.png,271.85,1
train_01072.png,66.95,1
train_01073.png,229.06,0
train_01074.png,340.98,0
train_01075.png,349.05,1
train_01076.png,81.64,1
train_01077.png,306.13,0
train_01078.png,306.68,0
train_01079.png,232.53,1
train_01080.png,312.78,1
train_01081.png,158.07,1
train_01082.png,271.75,0
train_01083.png,188.96,1
train_01084.png,290.23,0
train_01085.png,336.2,0
train_01086.png,251.61,1
train_01087.png,301.29,1
train_01088.png,54.06,1
train_01089.png,295.43,1
train_01090.png,75.98,1
train_01091.png,238.07,1
train_01092.png,252.63,1
train_01093.png,51.79,1
train_01094.png,316.51,0
train_01095.png,295.37,0
train_01096.png,322.24,0
train_01097.png,126.19,0
train_01098.png,324.92,0
train_01099.png,320.07,1
train_01100.png,332.03,0
train_01101.png,195.8,1
train_01102.png,30.2,0
train_01103.png,331.48,0
train_01104.png,325.08,1
train_01105.png,304.12,0
train_01106.png,358.75,0
train_01107.png,11.95,1
train_01108.png,333.2,0
train_01109.png,216.39,1
train_01110.png,123.88,1
train_01111.png,227.07,1
train_01112.png,351.22,0
train_01113.png,241.75,1
train_01114.png,117.37,1
train_01115.png,352.08,0
train_01116.png,298.17,0
train_01117.png,307.08,0
train_01118.png,324.01,0
train_01119.png,187.32,1
train_01120.png,140.27,1
train_01121.png,190.95,1
train_01122.png,290.46,0
train_01123.png,287.26,0
train_01124.png,272.97,0
train_01125.png,263.17,1
train_01126.png,208.79,1
train_01127.png,35.9,1
train_01128.png,129.3,1
train_01129.png,290.55,0
train_01130.png,108.86,1
train_01131.png,47.23,1
train_01132.png,184.14,1
train_01133.png,153.88,1
train_01134.png,26.36,1
train_01135.png,316.9,1
train_01136.png,352.42,0
train_01137.png,340.02,1
train_01138.png,342.25,1
train_01139.png,126.26,0
train_01140.png,315.89,0
train_01141.png,279.74,0
train_01142.png,114.32,1
train_01143.png,359.53,1
train_01144.png,193.46,1
train_01145.png,248.1,1
train_01146.png,307.59,1
train_01147.png,324.28,1
train_01148.png,292.45,1
train_01149.png,357.57,0
train_01150.png,179.48,1
train_01151.png,282.02,0
train_01152.png,270.1,0
train_01153.png,138.46,0
train_01154.png,45.96,1
train_01155.png,287.48,0
train_01156.png,273.42,1
train_01157.png,345.01,1
train_01158.png,337.24,1
train_01159.png,125.48,1
train_01160.png,306.92,0
train_01161.png,46.16,1
train_01162.png,134.83,1
train_01163.png,133.77,1
train_01164.png,342.51,0
train_01165.png,308.07,0
train_01166.png,324.59,0
train_01167.png,290.51,0
train_01168.png,100.33,1
train_01169.png,53.73,0
train_01170.png,306.81,0
train_01171.png,292.13,0
train_01172.png,211.23,1
train_01173.png,291.86,0
train_01174.png,349.86,0
train_01175.png,48.4,1
train_01176.png,351.36,0
train_01177.png,222.98,0
train_01178.png,114.68,1
train_01179.png,173.41,1
train_01180.png,69.74,0
train_01181.png,340.76,1
train_01182.png,285.12,0
train_01183.png,321.14,0
train_01184.png,10.95,1
train_01185.png,215.06,1
train_01186.png,48.12,1
train_01187.png,147.55,1
train_01188.png,214.02,1
train_01189.png,339.54,1
train_01190.png,289.48,0
train_01191.png,350.95,1
train_01192.png,120.32,1
train_01193.png,337.75,0
train_01194.png,112.1,1
train_01195.png,132.59,1
train_01196.png,270.37,1
train_01197.png,124.21,1
train_01198.png,326.69,0
train_01199.png,356.47,1
train_01200.png,199.57,1
train_01201.png,281.06,0
train_01202.png,26.17,1
train_01203.png,281.53,0
train_01204.png,175.91,1
train_01205.png,230.18,1
train_01206.png,238.29,1
train_01207.png,279.78,1
train_01208.png,40.83,1
train_01209.png,212.48,1
train_01210.png,281.6,1
train_01211.png,33.45,1
train_01212.png,146.28,1
train_01213.png,253.74,1
train_01214.png,312.58,0
train_01215.png,316.83,1
train_01216.png,102.47,1
train_01217.png,220.53,1
train_01218.png,305.79,1
train_01219.png,206.42,1
train_01220.png,212.09,1
train_01221.png,143.5,1
train_01222.png,311.24,0
train_01223.png,292.0,1
train_01224.png,329.15,0
train_01225.png,305.31,1
train_01226.png,168.42,1
train_01227.png,340.89,0
train_01228.png,351.3,1
train_01229.png,209.28,1
train_01230.png,292.3,1
train_01231.png,183.56,1
train_01232.png,201.74,1
train_01233.png,299.21,1
train_01234.png,81.88,1
train_01235.png,214.97,1
train_01236.png,156.74,0
train_01237.png,164.13,1
train_01238.png,92.72,1
train_01239.png,178.13,1
train_01240.png,344.45,0
train_01241.png,306.55,0
train_01242.png,323.27,0
train_01243.png,281.42,1
train_01244.png,7.84,1
train_01245.png,237.6,1
train_01246.png,351.58,0
train_01247.png,284.18,1
train_01248.png,281.79,0
train_01249.png,342.34,0
train_01250.png,321.23,0
train_01251.png,150.0,1
train_01252.png,143.17,1
train_01253.png,27.89,1
train_01254.png,214.49,1
train_01255.png,20.03,1
train_01256.png,340.7,0
train_01257.png,251.09,1
train_01258.png,308.73,1
train_01259.png,120.4,1
train_01260.png,255.05,1
train_01261.png,346.04,1
train_01262.png,210.14,0
train_01263.png,357.79,0
train_01264.png,81.46,1
train_01265.png,319.72,0
train_01266.png,174.73,1
train_01267.png,278.11,0
train_01268.png,330.98,0
train_01269.png,335.43,0
train_01270.png,296.05,1
train_01271.png,325.43,0
train_01272.png,221.23,0
train_01273.png,280.97,0
train_01274.png,355.17,0
train_01275.png,322.35,1
train_01276.png,289.16,0
train_01277.png,339.34,0
train_01278.png,35.73,1
train_01279.png,242.88,1
train_01280.png,324.27,0
train_01281.png,319.92,0
train_01282.png,127.83,1
train_01283.png,232.87,1
train_01284.png,124.21,0
train_01285.png,358.97,1
train_01286.png,274.79,1
train_01287.png,272.22,0
train_01288.png,106.51,1
train_01289.png,62.94,1
train_01290.png,3.95,1
train_01291.png,355.0,1
train_01292.png,200.18,1
train_01293.png,182.54,1
train_01294.png,286.41,1
train_01295.png,81.72,1
train_01296.png,291.57,0
train_01297.png,359.41,0
train_01298.png,47.06,1
train_01299.png,222.02,1
train_01300.png,120.18,1
train_01301.png,202.6,1
train_01302.png,133.37,0
train_01303.png,35.88,1
train_01304.png,326.4,1
train_01305.png,177.39,1
train_01306.png,247.78,1
train_01307.png,273.17,1
train_01308.png,67.87,0
train_01309.png,7.32,1
train_01310.png,113.42,1
train_01311.png,346.61,0
train_01312.png,123.44,1
train_01313.png,158.81,1
train_01314.png,225.88,1
train_01315.png,112.83,1
train_01316.png,271.64,0
train_01317.png,37.64,1
train_01318.png,331.59,0
train_01319.png,351.77,1
train_01320.png,235.3,1
train_01321.png,316.86,0
train_01322.png,112.4,1
train_01323.png,286.36,0
train_01324.png,182.1,1
train_01325.png,359.01,0
train_01326.png,343.99,0
train_01327.png,206.59,1
train_01328.png,298.05,1
train_01329.png,107.03,1
train_01330.png,155.83,1
train_01331.png,300.81,0
train_01332.png,184.15,1
train_01333.png,169.89,1
train_01334.png,58.42,1
train_01335.png,317.41,0
train_01336.png,192.31,1
train_01337.png,163.46,1
train_01338.png,132.46,0
train_01339.png,49.29,1
train_01340.png,128.84,1
train_01341.png,77.5,1
train_01342.png,135.35,1
train_01343.png,297.22,1
train_01344.png,329.59,1
train_01345.png,300.3,0
train_01346.png,245.42,1
train_01347.png,30.34,1
train_01348.png,276.12,1
train_01349.png,335.11,1
train_01350.png,335.8,0
train_01351.png,119.13,1
train_01352.png,138.91,1
train_01353.png,153.6,1
train_01354.png,114.48,1
train_01355.png,315.49,1
train_01356.png,326.4,0
train_01357.png,313.76,0
train_01358.png,359.9,0
train_01359.png,312.53,0
train_01360.png,301.27,0
train_01361.png,305.56,0
train_01362.png,338.68,0
train_01363.png,316.17,0
train_01364.png,310.26,0
train_01365.png,300.11,0
train_01366.png,270.22,0
train_01367.png,319.57,0
train_01368.png,348.66,0
train_01369.png,245.45,1
train_01370.png,357.86,1
train_01371.png,258.35,1
train_01372.png,273.7,0
train_01373.png,33.95,1
train_01374.png,338.93,0
train_01375.png,193.54,1
train_01376.png,147.82,0
train_01377.png,32.96,1
train_01378.png,349.0,0
train_01379.png,289.1,0
train_01380.png,323.76,1
train_01381.png,76.15,1
train_01382.png,290.4,0
train_01383.png,197.19,1
train_01384.png,272.0,0
train_01385.png,163.79,1
train_01386.png,6.44,1
train_01387.png,300.79,1
train_01388.png,295.15,0
train_01389.png,284.01,0
train_01390.png,305.0,1
train_01391.png,171.58,0
train_01392.png,141.65,1
train_01393.png,272.44,0
train_01394.png,36.91,1
train_01395.png,54.57,1
train_01396.png,196.65,1
train_01397.png,217.23,1
train_01398.png,335.29,1
train_01399.png,313.76,0
train_01400.png,324.87,0
train_01401.png,329.55,0
train_01402.png,304.04,1
train_01403.png,355.43,1
train_01404.png,95.61,0
train_01405.png,249.85,1
train_01406.png,339.38,0
train_01407.png,297.34,0
train_01408.png,28.41,1
train_01409.png,44.36,1
train_01410.png,358.82,1
train_01411.png,357.42,0
train_01412.png,264.2,1
train_01413.png,183.74,1
train_01414.png,131.19,1
train_01415.png,218.42,0
train_01416.png,282.39,0
train_01417.png,326.82,0
train_01418.png,153.71,1
train_01419.png,224.65,1
train_01420.png,236.11,1
train_01421.png,27.89,0
train_01422.png,127.78,1
train_01423.png,263.68,0
train_01424.png,358.15,0
train_01425.png,129.74,1
train_01426.png,246.03,1
train_01427.png,83.51,1
train_01428.png,281.14,1
train_01429.png,131.87,1
train_01430.png,170.61,0
train_01431.png,344.15,0
train_01432.png,229.95,1
train_01433.png,130.19,1
train_01434.png,310.2,0
train_01435.png,166.76,1
train_01436.png,304.92,1
train_01437.png,283.32,1
train_01438.png,206.33,1
train_01439.png,351.57,1
train_01440.png,11.85,1
train_01441.png,213.3,1
train_01442.png,61.86,1
train_01443.png,143.95,1
train_01444.png,193.09,1
train_01445.png,354.1,1
train_01446.png,298.18,1
train_01447.png,293.21,0
train_01448.png,327.45,0
train_01449.png,335.26,1
train_01450.png,154.73,1
train_01451.png,227.46,0
train_01452.png,298.13,1
train_01453.png,335.48,1
train_01454.png,294.23,0
train_01455.png,312.58,0
train_01456.png,9.48,1
train_01457.png,180.91,1
train_01458.png,36.29,1
train_01459.png,218.55,0
train_01460.png,60.25,1
train_01461.png,124.82,0
train_01462.png,277.73,0
train_01463.png,272.54,0
train_01464.png,81.41,0
train_01465.png,292.65,0
train_01466.png,346.16,0
train_01467.png,5.03,1
train_01468.png,152.29,1
train_01469.png,259.87,1
train_01470.png,178.37,1
train_01471.png,348.51,0
train_01472.png,219.59,1
train_01473.png,356.57,1
train_01474.png,247.26,1
train_01475.png,285.43,0
train_01476.png,352.26,0
train_01477.png,267.22,0
train_01478.png,274.3,0
train_01479.png,349.49,1
train_01480.png,358.76,1
train_01481.png,247.99,1
train_01482.png,266.69,1
train_01483.png,348.39,0
train_01484.png,61.06,1
train_01485.png,302.98,0
train_01486.png,129.07,1
train_01487.png,100.88,1
train_01488.png,235.37,1
train_01489.png,294.16,0
train_01490.png,184.47,1
train_01491.png,288.21,0
train_01492.png,349.84,0
train_01493.png,162.56,1
train_01494.png,309.16,0
train_01495.png,303.8,1
train_01496.png,355.6,0
train_01497.png,5.53,1
train_01498.png,318.31,0
train_01499.png,307.43,0
train_01500.png,295.98,0
train_01501.png,240.43,1
train_01502.png,327.44,1
train_01503.png,31.84,1
train_01504.png,222.69,0
train_01505.png,55.65,1
train_01506.png,320.09,1
train_01507.png,247.91,1
train_01508.png,286.03,0
train_01509.png,144.24,1
train_01510.png,169.13,1
train_01511.png,53.38,1
train_01512.png,309.15,1
train_01513.png,61.85,1
train_01514.png,290.06,0
train_01515.png,274.14,0
train_01516.png,341.83,0
train_01517.png,321.06,0
train_01518.png,349.17,0
train_01519.png,244.1,1
train_01520.png,64.34,1
train_01521.png,330.99,1
train_01522.png,32.7,1
train_01523.png,306.53,0
train_01524.png,315.47,0
train_01525.png,95.45,1
train_01526.png,176.1,1
train_01527.png,331.95,1
train_01528.png,279.07,1
train_01529.png,315.33,0
train_01530.png,143.26,1
train_01531.png,87.11,0
train_01532.png,114.53,1
train_01533.png,273.24,0
train_01534.png,226.52,1
train_01535.png,195.91,1
train_01536.png,183.52,1
train_01537.png,229.94,1
train_01538.png,358.11,1
train_01539.png,294.17,0
train_01540.png,308.37,0
train_01541.png,110.07,1
train_01542.png,22.48,1
train_01543.png,333.5,0
train_01544.png,340.21,0
train_01545.png,316.43,0
train_01546.png,244.57,1
train_01547.png,329.34,0
train_01548.png,324.88,0
train_01549.png,300.78,0
train_01550.png,55.96,1
train_01551.png,48.74,1
train_01552.png,196.77,1
train_01553.png,296.67,0
train_01554.png,353.03,0
train_01555.png,319.4,0
train_01556.png,284.14,0
train_01557.png,296.07,0
train_01558.png,298.64,0
train_01559.png,202.78,1
train_01560.png,327.67,0
train_01561.png,47.18,1
train_01562.png,157.12,1
train_01563.png,308.35,0
train_01564.png,182.09,0
train_01565.png,318.16,1
train_01566.png,313.21,0
train_01567.png,57.8,1
train_01568.png,228.23,1
train_01569.png,357.15,0
train_01570.png,30.68,1
train_01571.png,83.97,1
train_01572.png,182.09,1
train_01573.png,329.34,0
train_01574.png,180.19,1
train_01575.png,317.54,1
train_01576.png,330.91,0
train_01577.png,77.56,1
train_01578.png,195.67,1
train_01579.png,272.82,0
train_01580.png,46.87,1
train_01581.png,185.39,1
train_01582.png,289.81,0
train_01583.png,275.45,0
train_01584.png,139.44,1
train_01585.png,322.65,0
train_01586.png,340.98,0
train_01587.png,38.52,0
train_01588.png,183.28,1
train_01589.png,308.53,0
train_01590.png,248.66,1
train_01591.png,354.27,0
train_01592.png,311.63,0
train_01593.png,311.91,1
train_01594.png,181.47,1
train_01595.png,325.53,0
train_01596.png,215.64,1
train_01597.png,336.74,1
train_01598.png,92.52,1
train_01599.png,69.73,1
train_01600.png,198.28,1
train_01601.png,100.65,1
train_01602.png,278.01,0
train_01603.png,274.43,1
train_01604.png,250.43,1
train_01605.png,20.21,1
train_01606.png,204.87,1
train_01607.png,48.08,1
train_01608.png,74.43,1
train_01609.png,178.08,1
train_01610.png,279.15,0
train_01611.png,80.91,1
train_01612.png,118.91,0
train_01613.png,296.98,1
train_01614.png,25.05,1
train_01615.png,22.41,1
train_01616.png,314.06,0
train_01617.png,290.82,0
train_01618.png,97.66,1
train_01619.png,229.0,0
train_01620.png,255.34,1
train_01621.png,72.17,0
train_01622.png,203.6,1
train_01623.png,299.82,0
train_01624.png,230.26,1
train_01625.png,202.35,1
train_01626.png,222.06,1
train_01627.png,50.3,0
train_01628.png,194.44,1
train_01629.png,286.77,1
train_01630.png,349.6,1
train_01631.png,295.02,0
train_01632.png,5.92,1
train_01633.png,345.73,0
train_01634.png,174.69,1
train_01635.png,154.35,1
train_01636.png,223.43,1
train_01637.png,260.29,1
train_01638.png,19.71,1
train_01639.png,334.49,0
train_01640.png,290.63,1
train_01641.png,136.09,1
train_01642.png,239.91,1
train_01643.png,314.92,0
train_01644.png,303.29,0
train_01645.png,307.84,0
train_01646.png,9.52,1
train_01647.png,314.52,0
train_01648.png,317.72,0
train_01649.png,284.03,1
train_01650.png,293.18,0
train_01651.png,2.01,1
train_01652.png,278.52,1
train_01653.png,334.31,0
train_01654.png,342.37,1
train_01655.png,14.16,1
train_01656.png,230.31,1
train_01657.png,49.32,1
train_01658.png,110.16,1
train_01659.png,312.06,0
train_01660.png,270.86,0
train_01661.png,336.53,0
train_01662.png,218.84,1
train_01663.png,305.05,0
train_01664.png,230.83,1
train_01665.png,273.96,0
train_01666.png,337.57,0
train_01667.png,289.35,1
train_01668.png,9.64,1
train_01669.png,287.46,1
train_01670.png,336.74,0
train_01671.png,283.45,0
train_01672.png,73.46,0
train_01673.png,328.17,0
train_01674.png,317.25,0
train_01675.png,331.15,0
train_01676.png,93.28,1
train_01677.png,336.4,0
train_01678.png,15.68,1
train_01679.png,202.28,1
train_01680.png,287.07,0
train_01681.png,259.61,1
train_01682.png,300.61,1
train_01683.png,356.42,0
train_01684.png,318.13,0
train_01685.png,117.71,1
train_01686.png,47.62,0
train_01687.png,322.27,0
train_01688.png,139.42,1
train_01689.png,114.77,1
train_01690.png,320.15,1
train_01691.png,197.32,1
train_01692.png,290.94,0
train_01693.png,19.59,1
train_01694.png,130.34,1
train_01695.png,116.62,1
train_01696.png,146.52,1
train_01697.png,157.22,1
train_01698.png,129.28,1
train_01699.png,19.49,1
train_01700.png,179.86,0
train_01701.png,133.64,1
train_01702.png,322.22,0
train_01703.png,158.52,0
train_01704.png,239.25,1
train_01705.png,335.17,1
train_01706.png,291.82,0
train_01707.png,301.18,0
train_01708.png,28.71,1
train_01709.png,16.24,1
train_01710.png,292.94,0
train_01711.png,303.72,0
train_01712.png,354.84,1
train_01713.png,97.78,1
train_01714.png,206.7,1
train_01715.png,332.86,1
train_01716.png,294.49,0
train_01717.png,327.44,0
train_01718.png,164.06,1
train_01719.png,75.95,1
train_01720.png,102.02,1
train_01721.png,331.87,1
train_01722.png,326.84,0
train_01723.png,170.57,1
train_01724.png,83.21,1
train_01725.png,225.77,1
train_01726.png,150.61,1
train_01727.png,267.79,1
train_01728.png,281.59,1
train_01729.png,208.79,1
train_01730.png,186.68,0
train_01731.png,270.98,0
train_01732.png,159.3,1
train_01733.png,35.75,1
train_01734.png,335.53,0
train_01735.png,290.13,1
train_01736.png,359.26,0
train_01737.png,321.82,0
train_01738.png,280.73,1
train_01739.png,177.76,1
train_01740.png,268.4,1
train_01741.png,334.27,1
train_01742.png,329.8,1
train_01743.png,209.95,1
train_01744.png,264.28,1
train_01745.png,305.03,0
train_01746.png,352.97,0
train_01747.png,11.08,1
train_01748.png,128.07,1
train_01749.png,282.56,1
train_01750.png,162.85,1
train_01751.png,38.49,1
train_01752.png,344.25,1
train_01753.png,93.98,1
train_01754.png,280.48,0
train_01755.png,3.08,1
train_01756.png,308.76,1
train_01757.png,223.88,1
train_01758.png,244.74,1
train_01759.png,310.53,1
train_01760.png,282.63,0
train_01761.png,239.99,1
train_01762.png,316.54,0
train_01763.png,148.08,1
train_01764.png,285.56,1
train_01765.png,299.57,0
train_01766.png,43.94,1
train_01767.png,55.03,0
train_01768.png,298.27,1
train_01769.png,287.39,0
train_01770.png,358.04,0
train_01771.png,288.91,1
train_01772.png,334.37,0
train_01773.png,340.98,0
train_01774.png,228.57,1
train_01775.png,119.3,1
train_01776.png,130.04,1
train_01777.png,333.76,0
train_01778.png,16.04,1
train_01779.png,69.9,1
train_01780.png,354.55,1
train_01781.png,82.8,1
train_01782.png,155.68,0
train_01783.png,92.79,1
train_01784.png,103.2,1
train_01785.png,271.84,1
train_01786.png,303.05,0
train_01787.png,212.2,1
train_01788.png,291.74,1
train_01789.png,147.43,1
train_01790.png,133.57,0
train_01791.png,306.29,1
train_01792.png,349.16,0
train_01793.png,341.66,0
train_01794.png,307.2,0
train_01795.png,167.49,1
train_01796.png,338.59,0
train_01797.png,67.34,1
train_01798.png,273.74,0
train_01799.png,90.96,1
train_01800.png,284.35,0
train_01801.png,339.49,0
train_01802.png,316.56,1
train_01803.png,113.88,1
train_01804.png,327.32,0
train_01805.png,68.13,1
train_01806.png,312.88,0
train_01807.png,253.76,1
train_01808.png,291.03,0
train_01809.png,256.69,1
train_01810.png,299.7,1
train_01811.png,112.53,1
train_01812.png,250.85,1
train_01813.png,179.49,1
train_01814.png,289.14,0
train_01815.png,306.11,0
train_01816.png,301.62,0
train_01817.png,15.96,1
train_01818.png,317.98,0
train_01819.png,291.37,0
train_01820.png,81.18,1
train_01821.png,204.24,1
train_01822.png,315.75,0
train_01823.png,320.7,0
train_01824.png,348.0,0
train_01825.png,323.07,0
train_01826.png,297.91,0
train_01827.png,314.9,1
train_01828.png,348.96,0
train_01829.png,354.54,0
train_01830.png,335.56,0
train_01831.png,301.3,1
train_01832.png,106.01,1
train_01833.png,295.45,0
train_01834.png,167.43,1
train_01835.png,306.54,0
train_01836.png,311.77,0
train_01837.png,291.45,1
train_01838.png,194.86,0
train_01839.png,193.85,1
train_01840.png,324.1,1
train_01841.png,141.17,1
train_01842.png,81.34,1
train_01843.png,289.57,0
train_01844.png,35.44,1
train_01845.png,125.65,1
train_01846.png,234.48,1
train_01847.png,252.58,1
train_01848.png,218.88,1
train_01849.png,174.96,1
train_01850.png,128.51,1
train_01851.png,296.31,1
train_01852.png,339.66,1
train_01853.png,180.37,1
train_01854.png,40.98,0
train_01855.png,302.71,0
train_01856.png,212.03,1
train_01857.png,37.19,1
train_01858.png,106.62,1
train_01859.png,335.42,0
train_01860.png,327.68,1
train_01861.png,38.3,1
train_01862.png,29.68,1
train_01863.png,145.63,1
train_01864.png,348.99,0
train_01865.png,341.98,1
train_01866.png,102.86,1
train_01867.png,285.16,1
train_01868.png,299.8,0
train_01869.png,92.58,1
train_01870.png,261.09,0
train_01871.png,21.09,1
train_01872.png,328.76,0
train_01873.png,275.87,0
train_01874.png,97.9,0
train_01875.png,170.09,1
train_01876.png,212.91,1
train_01877.png,317.67,0
train_01878.png,255.01,0
train_01879.png,343.03,1
train_01880.png,23.42,1
train_01881.png,188.28,1
train_01882.png,273.5,1
train_01883.png,52.87,1
train_01884.png,355.15,0
train_01885.png,314.52,0
train_01886.png,340.27,1
train_01887.png,40.16,1
train_01888.png,308.05,0
train_01889.png,299.02,0
train_01890.png,254.01,1
train_01891.png,258.7,0
train_01892.png,310.8,0
train_01893.png,294.43,1
train_01894.png,144.44,1
train_01895.png,195.36,1
train_01896.png,131.71,1
train_01897.png,99.6,1
train_01898.png,219.09,0
train_01899.png,317.51,1
train_01900.png,103.98,1
train_01901.png,339.73,0
train_01902.png,71.95,1
train_01903.png,88.31,1
train_01904.png,169.69,1
train_01905.png,267.8,1
train_01906.png,245.95,1
train_01907.png,249.65,1
train_01908.png,291.55,0
train_01909.png,95.24,1
train_01910.png,185.38,1
train_01911.png,218.91,1
train_01912.png,271.17,1
train_01913.png,310.31,1
train_01914.png,202.93,1
train_01915.png,320.44,1
train_01916.png,137.22,1
train_01917.png,8.04,1
train_01918.png,129.0,1
train_01919.png,324.7,0
train_01920.png,165.98,1
train_01921.png,298.86,1
train_01922.png,189.86,1
train_01923.png,291.51,1
train_01924.png,279.5,1
train_01925.png,110.4,1
train_01926.png,56.34,1
train_01927.png,326.21,0
train_01928.png,310.33,0
train_01929.png,46.03,1
train_01930.png,250.04,1
train_01931.png,320.59,0
train_01932.png,108.23,1
train_01933.png,327.33,0
train_01934.png,57.7,1
train_01935.png,44.0,1
train_01936.png,320.44,1
train_01937.png,270.65,0
train_01938.png,306.05,0
train_01939.png,331.06,1
train_01940.png,326.72,0
train_01941.png,304.47,0
train_01942.png,66.66,1
train_01943.png,297.16,0
train_01944.png,347.7,0
train_01945.png,87.64,1
train_01946.png,338.48,0
train_01947.png,347.78,0
train_01948.png,177.55,1
train_01949.png,303.72,1
train_01950.png,328.41,0
train_01951.png,279.8,1
train_01952.png,181.66,1
train_01953.png,279.98,0
train_01954.png,285.37,0
train_01955.png,322.21,0
train_01956.png,105.0,1
train_01957.png,204.42,1
train_01958.png,158.07,1
train_01959.png,281.85,0
train_01960.png,168.12,1
train_01961.png,264.94,0
train_01962.png,292.3,0
train_01963.png,341.63,0
train_01964.png,258.05,1
train_01965.png,66.12,1
train_01966.png,305.99,1
train_01967.png,1.35,1
train_01968.png,71.32,1
train_01969.png,259.32,1
train_01970.png,305.14,1
train_01971.png,202.57,1
train_01972.png,50.5,1
train_01973.png,106.95,1
train_01974.png,175.66,1
train_01975.png,205.29,1
train_01976.png,270.86,0
train_01977.png,214.58,0
train_01978.png,293.32,1
train_01979.png,37.47,1
train_01980.png,108.64,1
train_01981.png,307.74,1
train_01982.png,319.16,1
train_01983.png,143.51,1
train_01984.png,13.05,1
train_01985.png,309.36,0
train_01986.png,297.44,0
train_01987.png,319.07,1
train_01988.png,296.15,0
train_01989.png,169.64,1
train_01990.png,177.43,0
train_01991.png,121.7,1
train_01992.png,293.67,0
train_01993.png,1.54,1
train_01994.png,301.32,1
train_01995.png,184.53,1
train_01996.png,328.39,0
train_01997.png,357.0,0
train_01998.png,268.76,1
train_01999.png,343.64,0
train_02000.png,91.88,1
train_02001.png,306.46,1
train_02002.png,281.43,1
train_02003.png,240.21,1
train_02004.png,285.02,1
train_02005.png,14.09,1
train_02006.png,303.2,1
train_02007.png,214.38,1
train_02008.png,112.22,0
train_02009.png,36.54,1
train_02010.png,17.47,1
train_02011.png,349.01,0
train_02012.png,185.11,1
train_02013.png,265.88,1
train_02014.png,317.42,0
train_02015.png,276.3,1
train_02016.png,30.66,1
train_02017.png,167.75,1
train_02018.png,1.22,1
train_02019.png,143.24,1
train_02020.png,86.1,1
train_02021.png,283.09,1
train_02022.png,312.63,0
train_02023.png,333.43,0
train_02024.png,151.81,1
train_02025.png,273.19,0
train_02026.png,121.99,0
train_02027.png,344.03,0
train_02028.png,137.82,1
train_02029.png,351.65,0
train_02030.png,284.49,0
train_02031.png,73.59,1
train_02032.png,335.75,0
train_02033.png,175.63,0
train_02034.png,302.89,0
train_02035.png,168.5,1
train_02036.png,319.59,0
train_02037.png,333.78,0
train_02038.png,218.69,1
train_02039.png,351.12,0
train_02040.png,348.07,0
train_02041.png,150.67,1
train_02042.png,171.65,1
train_02043.png,300.95,0
train_02044.png,113.48,0
train_02045.png,336.89,1
train_02046.png,289.96,0
train_02047.png,300.99,0
train_02048.png,283.06,0
train_02049.png,316.48,0
train_02050.png,44.31,1
train_02051.png,272.02,1
train_02052.png,26.24,0
train_02053.png,279.41,1
train_02054.png,6.33,1
train_02055.png,183.96,1
train_02056.png,168.55,1
train_02057.png,116.96,1
train_02058.png,304.67,0
train_02059.png,134.01,1
train_02060.png,283.89,0
train_02061.png,358.96,0
train_02062.png,257.06,1
train_02063.png,339.12,0
train_02064.png,227.92,1
train_02065.png,144.87,1
train_02066.png,290.17,1
train_02067.png,174.06,1
train_02068.png,287.92,0
train_02069.png,22.71,1
train_02070.png,341.93,0
train_02071.png,353.53,1
train_02072.png,303.47,1
train_02073.png,23.68,1
train_02074.png,346.72,0
train_02075.png,350.27,1
train_02076.png,124.34,1
train_02077.png,296.44,1
train_02078.png,96.85,1
train_02079.png,254.17,1
train_02080.png,225.38,1
train_02081.png,340.72,0
train_02082.png,273.97,0
train_02083.png,335.01,0
train_02084.png,14.58,1
train_02085.png,204.18,1
train_02086.png,235.63,1
train_02087.png,60.93,1
train_02088.png,358.46,0
train_02089.png,356.54,1
train_02090.png,22.56,0
train_02091.png,342.18,0
train_02092.png,346.9,0
train_02093.png,235.88,1
train_02094.png,281.05,0
train_02095.png,155.97,0
train_02096.png,168.5,1
train_02097.png,28.37,1
train_02098.png,178.44,1
train_02099.png,278.9,1
train_02100.png,316.91,0
train_02101.png,274.31,1
train_02102.png,288.66,0
train_02103.png,120.14,1
train_02104.png,327.75,1
train_02105.png,77.41,1
train_02106.png,229.19,1
train_02107.png,353.16,0
train_02108.png,240.34,1
train_02109.png,299.65,0
train_02110.png,338.22,0
train_02111.png,175.54,1
train_02112.png,173.12,0
train_02113.png,158.41,1
train_02114.png,244.41,1
train_02115.png,57.81,1
train_02116.png,325.12,0
train_02117.png,145.93,1
train_02118.png,143.26,1
train_02119.png,30.43,1
train_02120.png,216.56,1
train_02121.png,342.2,1
train_02122.png,61.1,1
train_02123.png,306.31,0
train_02124.png,67.75,1
train_02125.png,19.63,1
train_02126.png,272.49,0
train_02127.png,244.21,1
train_02128.png,62.2,1
train_02129.png,64.9,1
train_02130.png,305.43,0
train_02131.png,182.16,1
train_02132.png,310.41,1
train_02133.png,273.54,0
train_02134.png,201.51,0
train_02135.png,352.82,0
train_02136.png,288.35,0
train_02137.png,74.17,1
train_02138.png,181.15,1
train_02139.png,298.6,1
train_02140.png,18.21,1
train_02141.png,238.93,1
train_02142.png,268.83,1
train_02143.png,290.58,0
train_02144.png,326.95,1
train_02145.png,350.39,1
train_02146.png,63.97,1
train_02147.png,304.32,1
train_02148.png,287.79,0
train_02149.png,62.46,0
train_02150.png,169.47,1
train_02151.png,312.25,0
train_02152.png,339.54,1
train_02153.png,18.59,1
train_02154.png,191.64,1
train_02155.png,287.79,0
train_02156.png,4.12,1
train_02157.png,313.96,0
train_02158.png,351.28,0
train_02159.png,172.99,1
train_02160.png,190.73,0
train_02161.png,174.7,0
train_02162.png,348.97,1
train_02163.png,315.34,1
train_02164.png,336.39,0
train_02165.png,187.33,1
train_02166.png,355.19,0
train_02167.png,249.63,1
train_02168.png,137.53,1
train_02169.png,64.31,0
train_02170.png,263.43,1
train_02171.png,308.8,0
train_02172.png,120.64,1
train_02173.png,355.1,1
train_02174.png,78.74,0
train_02175.png,257.95,1
train_02176.png,326.11,0
train_02177.png,303.92,0
train_02178.png,302.16,0
train_02179.png,267.15,1
train_02180.png,327.04,0
train_02181.png,351.54,0
train_02182.png,276.84,0
train_02183.png,310.6,0
train_02184.png,43.07,1
train_02185.png,65.18,1
train_02186.png,301.36,0
train_02187.png,261.13,0
train_02188.png,348.77,0
train_02189.png,43.67,1
train_02190.png,276.07,0
train_02191.png,342.19,0
train_02192.png,261.86,1
train_02193.png,327.88,0
train_02194.png,62.41,1
train_02195.png,208.74,0
train_02196.png,195.37,0
train_02197.png,310.13,1
train_02198.png,257.35,1
train_02199.png,225.64,0
train_02200.png,1.92,1
train_02201.png,153.88,1
train_02202.png,278.41,1
train_02203.png,314.48,1
train_02204.png,289.8,0
train_02205.png,27.58,1
train_02206.png,228.77,1
train_02207.png,284.03,0
train_02208.png,304.38,0
train_02209.png,250.75,1
train_02210.png,227.02,1
train_02211.png,39.06,1
train_02212.png,69.89,1
train_02213.png,192.64,1
train_02214.png,322.39,0
train_02215.png,70.44,1
train_02216.png,352.18,0
train_02217.png,116.49,1
train_02218.png,312.65,0
train_02219.png,242.58,1
train_02220.png,213.79,1
train_02221.png,193.11,1
train_02222.png,131.42,1
train_02223.png,311.82,0
train_02224.png,131.41,1
train_02225.png,68.66,1
train_02226.png,226.64,1
train_02227.png,308.83,0
train_02228.png,47.6,1
train_02229.png,329.69,0
train_02230.png,260.21,0
train_02231.png,187.35,1
train_02232.png,350.33,0
train_02233.png,320.48,0
train_02234.png,22.87,0
train_02235.png,41.78,1
train_02236.png,344.8,0
train_02237.png,280.63,0
train_02238.png,318.2,1
train_02239.png,278.0,1
train_02240.png,1.73,1
train_02241.png,309.31,1
train_02242.png,133.72,1
train_02243.png,135.41,1
train_02244.png,337.49,1
train_02245.png,174.33,1
train_02246.png,317.15,0
train_02247.png,262.28,1
train_02248.png,284.76,0
train_02249.png,244.15,1
train_02250.png,169.69,1
train_02251.png,345.87,0
train_02252.png,353.86,0
train_02253.png,319.22,1
train_02254.png,84.79,1
train_02255.png,105.33,1
train_02256.png,317.74,1
train_02257.png,304.6,0
train_02258.png,181.92,1
train_02259.png,260.18,1
train_02260.png,356.58,0
train_02261.png,280.51,1
train_02262.png,315.47,0
train_02263.png,114.15,1
train_02264.png,325.29,1
train_02265.png,334.63,0
train_02266.png,244.46,1
train_02267.png,83.87,1
train_02268.png,313.86,0
train_02269.png,78.38,1
train_02270.png,243.05,1
train_02271.png,46.49,1
train_02272.png,62.47,1
train_02273.png,140.24,1
train_02274.png,277.92,0
train_02275.png,174.72,1
train_02276.png,257.87,1
train_02277.png,20.15,1
train_02278.png,328.49,0
train_02279.png,343.46,0
train_02280.png,71.1,1
train_02281.png,312.37,0
train_02282.png,353.71,0
train_02283.png,118.12,1
train_02284.png,335.43,0
train_02285.png,144.52,1
train_02286.png,311.97,0
train_02287.png,304.94,0
train_02288.png,355.2,0
train_02289.png,104.17,1
train_02290.png,272.63,1
train_02291.png,299.02,0
train_02292.png,64.82,1
train_02293.png,193.71,1
train_02294.png,22.48,1
train_02295.png,11.02,1
train_02296.png,118.93,1
train_02297.png,93.38,1
train_02298.png,294.42,0
train_02299.png,241.32,1
train_02300.png,40.79,0
train_02301.png,282.15,0
train_02302.png,13.6,1
train_02303.png,324.25,0
train_02304.png,307.77,1
train_02305.png,312.48,0
train_02306.png,281.75,0
train_02307.png,135.66,1
train_02308.png,113.13,1
train_02309.png,273.87,0
train_02310.png,144.29,1
train_02311.png,340.93,1
train_02312.png,241.18,1
train_02313.png,40.42,1
train_02314.png,60.98,1
train_02315.png,84.26,1
train_02316.png,355.02,0
train_02317.png,156.33,1
train_02318.png,101.72,0
train_02319.png,121.31,1
train_02320.png,276.63,0
train_02321.png,235.66,1
train_02322.png,315.76,0
train_02323.png,287.28,0
train_02324.png,249.09,0
train_02325.png,221.27,1
train_02326.png,207.16,1
train_02327.png,308.27,1
train_02328.png,357.33,0
train_02329.png,140.41,1
train_02330.png,10.27,1
train_02331.png,190.37,1
train_02332.png,320.92,1
train_02333.png,198.51,1
train_02334.png,19.25,1
train_02335.png,301.3,1
train_02336.png,286.23,0
train_02337.png,314.82,1
train_02338.png,112.83,1
train_02339.png,259.08,1
train_02340.png,313.75,0
train_02341.png,341.67,1
train_02342.png,223.88,1
train_02343.png,36.13,1
train_02344.png,266.41,1
train_02345.png,196.59,1
train_02346.png,251.05,1
train_02347.png,99.27,1
train_02348.png,12.8,1
train_02349.png,182.0,1
train_02350.png,329.46,1
train_02351.png,11.98,1
train_02352.png,133.85,1
train_02353.png,315.0,0
train_02354.png,132.59,1
train_02355.png,22.04,0
train_02356.png,88.85,1
train_02357.png,51.21,0
train_02358.png,129.62,0
train_02359.png,243.84,1
train_02360.png,296.64,0
train_02361.png,191.58,1
train_02362.png,349.79,1
train_02363.png,336.5,0
train_02364.png,199.83,1
train_02365.png,63.18,1
train_02366.png,244.87,1
train_02367.png,130.13,1
train_02368.png,36.32,1
train_02369.png,139.24,1
train_02370.png,353.07,0
train_02371.png,138.22,0
train_02372.png,255.13,1
train_02373.png,288.05,0
train_02374.png,301.41,1
train_02375.png,71.67,0
train_02376.png,147.03,1
train_02377.png,280.88,1
train_02378.png,283.84,0
train_02379.png,291.21,1
train_02380.png,15.45,1
train_02381.png,357.09,1
train_02382.png,347.56,1
train_02383.png,59.62,1
train_02384.png,13.74,1
train_02385.png,334.17,1
train_02386.png,215.15,1
train_02387.png,68.87,1
train_02388.png,82.4,0
train_02389.png,271.77,1
train_02390.png,105.42,1
train_02391.png,311.6,0
train_02392.png,46.22,0
train_02393.png,9.49,1
train_02394.png,201.85,0
train_02395.png,124.12,1
train_02396.png,329.93,1
train_02397.png,162.67,1
train_02398.png,122.02,1
train_02399.png,239.33,0
train_02400.png,341.41,0
train_02401.png,171.05,1
train_02402.png,259.97,1
train_02403.png,271.3,1
train_02404.png,0.75,1
train_02405.png,315.51,0
train_02406.png,301.13,1
train_02407.png,0.45,1
train_02408.png,76.13,1
train_02409.png,47.46,1
train_02410.png,272.69,0
train_02411.png,280.04,1
train_02412.png,285.76,1
train_02413.png,74.84,1
train_02414.png,124.56,1
train_02415.png,214.7,1
train_02416.png,326.17,1
train_02417.png,306.16,1
train_02418.png,276.91,1
train_02419.png,343.84,1
train_02420.png,219.06,1
train_02421.png,143.11,1
train_02422.png,106.81,1
train_02423.png,352.18,1
train_02424.png,303.86,1
train_02425.png,318.68,1
train_02426.png,228.63,0
train_02427.png,101.28,1
train_02428.png,354.38,1
train_02429.png,347.73,1
train_02430.png,79.64,1
train_02431.png,245.79,1
train_02432.png,59.05,1
train_02433.png,261.53,0
train_02434.png,358.09,1
train_02435.png,288.86,0
train_02436.png,312.79,1
train_02437.png,319.37,1
train_02438.png,302.98,0
train_02439.png,199.35,1
train_02440.png,317.81,1
train_02441.png,232.45,1
train_02442.png,13.66,1
train_02443.png,326.51,0
train_02444.png,273.16,0
train_02445.png,309.01,0
train_02446.png,344.38,1
train_02447.png,209.3,1
train_02448.png,302.65,1
train_02449.png,192.0,1
train_02450.png,336.03,0
train_02451.png,318.01,0
train_02452.png,157.95,1
train_02453.png,62.84,1
train_02454.png,139.64,1
train_02455.png,72.05,0
train_02456.png,333.38,0
train_02457.png,334.0,0
train_02458.png,309.65,0
train_02459.png,320.64,0
train_02460.png,274.28,0
train_02461.png,25.65,1
train_02462.png,295.6,1
train_02463.png,13.5,1
train_02464.png,321.83,0
train_02465.png,11.59,1
train_02466.png,317.68,0
train_02467.png,352.39,0
train_02468.png,89.05,1
train_02469.png,222.39,1
train_02470.png,11.46,1
train_02471.png,334.59,0
train_02472.png,248.4,1
train_02473.png,12.35,0
train_02474.png,167.09,1
train_02475.png,109.51,1
train_02476.png,106.49,1
train_02477.png,271.08,0
train_02478.png,199.06,1
train_02479.png,307.64,0
train_02480.png,156.1,1
train_02481.png,113.42,1
train_02482.png,274.25,0
train_02483.png,298.15,0
train_02484.png,336.69,1
train_02485.png,53.97,0
train_02486.png,188.74,1
train_02487.png,198.99,1
train_02488.png,342.17,0
train_02489.png,44.93,1
train_02490.png,184.91,1
train_02491.png,342.22,1
train_02492.png,38.52,1
train_02493.png,307.07,1
train_02494.png,231.71,1
train_02495.png,221.7,1
train_02496.png,317.24,1
train_02497.png,12.88,1
train_02498.png,224.54,1
train_02499.png,20.94,1
train_02500.png,293.7,1
train_02501.png,300.29,0
train_02502.png,105.34,1
train_02503.png,12.03,1
train_02504.png,170.36,1
train_02505.png,278.42,1
train_02506.png,320.26,1
train_02507.png,346.11,0
train_02508.png,59.56,1
train_02509.png,166.2,1
train_02510.png,284.97,1
train_02511.png,169.86,1
train_02512.png,144.98,1
train_02513.png,237.33,1
train_02514.png,343.67,0
train_02515.png,342.52,0
train_02516.png,200.5,1
train_02517.png,231.41,1
train_02518.png,287.53,1
train_02519.png,316.65,0
train_02520.png,269.14,0
train_02521.png,298.22,0
train_02522.png,283.88,1
train_02523.png,39.7,1
train_02524.png,49.31,1
train_02525.png,303.12,0
train_02526.png,248.16,1
train_02527.png,130.16,1
train_02528.png,182.11,1
train_02529.png,109.8,1
train_02530.png,55.43,1
train_02531.png,7.98,1
train_02532.png,332.1,0
train_02533.png,141.46,1
train_02534.png,41.97,0
train_02535.png,327.04,1
train_02536.png,311.17,0
train_02537.png,209.29,0
train_02538.png,330.67,0
train_02539.png,322.11,0
train_02540.png,347.56,0
train_02541.png,25.85,1
train_02542.png,318.3,1
train_02543.png,320.09,0
train_02544.png,294.05,0
train_02545.png,228.33,1
train_02546.png,159.18,0
train_02547.png,272.39,0
train_02548.png,309.42,0
train_02549.png,236.01,1
train_02550.png,307.92,1
train_02551.png,341.67,0
train_02552.png,291.19,0
train_02553.png,139.83,1
train_02554.png,176.25,1
train_02555.png,295.08,0
train_02556.png,109.3,1
train_02557.png,302.92,0
train_02558.png,255.13,1
train_02559.png,167.71,1
train_02560.png,345.58,1
train_02561.png,253.87,1
train_02562.png,316.3,1
train_02563.png,327.9,0
train_02564.png,270.5,0
train_02565.png,335.1,1
train_02566.png,304.15,0
train_02567.png,320.92,1
train_02568.png,320.67,1
train_02569.png,312.24,1
train_02570.png,347.7,0
train_02571.png,344.86,0
train_02572.png,348.16,1
train_02573.png,24.67,1
train_02574.png,31.14,1
train_02575.png,321.98,1
train_02576.png,0.91,1
train_02577.png,210.1,1
train_02578.png,339.63,0
train_02579.png,348.24,0
train_02580.png,30.89,1
train_02581.png,206.39,1
train_02582.png,46.96,1
train_02583.png,329.34,0
train_02584.png,316.31,0
train_02585.png,123.26,1
train_02586.png,315.0,1
train_02587.png,155.62,1
train_02588.png,120.24,1
train_02589.png,247.74,1
train_02590.png,353.55,0
train_02591.png,168.38,1
train_02592.png,234.32,1
train_02593.png,356.24,1
train_02594.png,286.65,0
train_02595.png,155.31,1
train_02596.png,139.52,1
train_02597.png,301.98,0
train_02598.png,14.18,1
train_02599.png,122.51,1
train_02600.png,237.28,1
train_02601.png,300.24,1
train_02602.png,297.15,0
train_02603.png,340.47,0
train_02604.png,201.78,1
train_02605.png,85.3,1
train_02606.png,219.27,1
train_02607.png,2.34,1
train_02608.png,300.58,0
train_02609.png,132.57,1
train_02610.png,162.01,0
train_02611.png,331.39,0
train_02612.png,311.12,0
train_02613.png,81.77,1
train_02614.png,287.84,1
train_02615.png,40.82,1
train_02616.png,277.68,0
train_02617.png,217.83,1
train_02618.png,304.1,0
train_02619.png,303.21,1
train_02620.png,233.19,1
train_02621.png,342.02,0
train_02622.png,277.0,0
train_02623.png,170.9,1
train_02624.png,30.09,1
train_02625.png,321.07,1
train_02626.png,295.22,0
train_02627.png,310.56,1
train_02628.png,68.29,1
train_02629.png,327.4,0
train_02630.png,11.43,0
train_02631.png,331.86,1
train_02632.png,274.9,0
train_02633.png,204.76,1
train_02634.png,349.64,0
train_02635.png,183.55,1
train_02636.png,313.24,0
train_02637.png,4.38,1
train_02638.png,237.74,1
train_02639.png,278.62,0
train_02640.png,292.49,0
train_02641.png,350.42,0
train_02642.png,315.6,0
train_02643.png,67.14,1
train_02644.png,337.6,1
train_02645.png,31.63,0
train_02646.png,313.16,0
train_02647.png,143.1,1
train_02648.png,265.05,1
train_02649.png,335.5,0
train_02650.png,322.31,1
train_02651.png,51.07,1
train_02652.png,224.03,1
train_02653.png,307.66,1
train_02654.png,1.45,1
train_02655.png,158.86,1
train_02656.png,302.79,0
train_02657.png,304.24,0
train_02658.png,154.13,1
train_02659.png,359.19,0
train_02660.png,293.46,0
train_02661.png,337.67,0
train_02662.png,86.04,1
train_02663.png,26.94,1
train_02664.png,232.78,1
train_02665.png,358.35,0
train_02666.png,313.84,0
train_02667.png,352.21,0
train_02668.png,354.45,0
train_02669.png,301.15,1
train_02670.png,106.96,1
train_02671.png,329.33,1
train_02672.png,194.69,1
train_02673.png,344.75,0
train_02674.png,356.14,0
train_02675.png,87.66,1
train_02676.png,196.48,1
train_02677.png,351.14,1
train_02678.png,227.52,1
train_02679.png,287.95,0
train_02680.png,336.35,0
train_02681.png,144.88,1
train_02682.png,32.27,0
train_02683.png,61.6,1
train_02684.png,22.41,1
train_02685.png,66.66,1
train_02686.png,142.97,1
train_02687.png,356.98,0
train_02688.png,334.06,0
train_02689.png,349.03,1
train_02690.png,94.03,1
train_02691.png,275.78,0
train_02692.png,171.34,0
train_02693.png,270.89,0
train_02694.png,278.69,1
train_02695.png,337.3,0
train_02696.png,61.99,1
train_02697.png,332.15,0
train_02698.png,51.16,1
train_02699.png,152.32,1
train_02700.png,257.48,1
train_02701.png,249.75,1
train_02702.png,338.67,1
train_02703.png,261.43,1
train_02704.png,49.1,1
train_02705.png,295.43,0
train_02706.png,18.6,1
train_02707.png,3.95,1
train_02708.png,285.98,0
train_02709.png,205.34,1
train_02710.png,319.59,1
train_02711.png,96.35,1
train_02712.png,263.81,0
train_02713.png,300.24,1
train_02714.png,335.49,0
train_02715.png,102.67,0
train_02716.png,98.39,1
train_02717.png,322.4,0
train_02718.png,324.6,1
train_02719.png,130.17,1
train_02720.png,81.97,1
train_02721.png,303.13,1
train_02722.png,320.44,1
train_02723.png,251.08,0
train_02724.png,326.25,0
train_02725.png,134.76,1
train_02726.png,348.78,1
train_02727.png,325.1,0
train_02728.png,168.85,0
train_02729.png,67.29,1
train_02730.png,157.05,0
train_02731.png,258.94,1
train_02732.png,108.33,0
train_02733.png,85.65,1
train_02734.png,220.94,1
train_02735.png,73.99,1
train_02736.png,149.29,1
train_02737.png,33.44,1
train_02738.png,284.41,0
train_02739.png,260.81,1
train_02740.png,272.33,1
train_02741.png,353.44,1
train_02742.png,314.26,0
train_02743.png,339.45,0
train_02744.png,99.39,1
train_02745.png,73.54,1
train_02746.png,44.86,1
train_02747.png,150.14,1
train_02748.png,256.77,1
train_02749.png,159.33,1
train_02750.png,354.79,0
train_02751.png,326.91,0
train_02752.png,351.78,0
train_02753.png,37.77,1
train_02754.png,96.13,0
train_02755.png,334.19,0
train_02756.png,164.06,1
train_02757.png,93.38,1
train_02758.png,353.66,0
train_02759.png,310.18,0
train_02760.png,353.22,0
train_02761.png,89.54,0
train_02762.png,226.83,1
train_02763.png,40.04,1
train_02764.png,35.81,1
train_02765.png,357.05,0
train_02766.png,214.54,1
train_02767.png,100.0,1
train_02768.png,281.03,0
train_02769.png,335.36,0
train_02770.png,185.24,1
train_02771.png,303.25,1
train_02772.png,142.07,1
train_02773.png,23.63,1
train_02774.png,175.8,1
train_02775.png,312.1,0
train_02776.png,320.81,0
train_02777.png,139.66,1
train_02778.png,327.43,1
train_02779.png,10.97,1
train_02780.png,81.53,1
train_02781.png,32.85,1
train_02782.png,322.92,0
train_02783.png,126.33,0
train_02784.png,67.74,1
train_02785.png,148.27,1
train_02786.png,153.52,1
train_02787.png,349.01,1
train_02788.png,13.21,1
train_02789.png,90.47,1
train_02790.png,338.95,1
train_02791.png,242.0,1
train_02792.png,11.85,1
train_02793.png,53.88,1
train_02794.png,234.38,1
train_02795.png,182.63,1
train_02796.png,22.35,1
train_02797.png,320.04,0
train_02798.png,305.86,0
train_02799.png,152.05,1
train_02800.png,331.85,1
train_02801.png,359.39,1
train_02802.png,184.58,1
train_02803.png,271.96,0
train_02804.png,14.16,0
train_02805.png,342.26,0
train_02806.png,231.85,1
train_02807.png,339.86,0
train_02808.png,274.39,0
train_02809.png,272.06,1
train_02810.png,333.82,1
train_02811.png,65.93,1
train_02812.png,244.31,1
train_02813.png,134.64,1
train_02814.png,23.2,1
train_02815.png,265.33,1
train_02816.png,287.44,0
train_02817.png,318.6,1
train_02818.png,344.73,0
train_02819.png,124.61,1
train_02820.png,25.39,0
train_02821.png,322.52,1
train_02822.png,174.32,1
train_02823.png,311.28,1
train_02824.png,22.76,1
train_02825.png,343.49,0
train_02826.png,266.19,1
train_02827.png,33.93,1
train_02828.png,284.29,1
train_02829.png,73.44,1
train_02830.png,275.77,1
train_02831.png,3.67,1
train_02832.png,334.04,0
train_02833.png,102.21,1
train_02834.png,280.82,1
train_02835.png,156.0,1
train_02836.png,21.02,1
train_02837.png,293.38,0
train_02838.png,302.43,1
train_02839.png,341.03,0
train_02840.png,320.55,1
train_02841.png,339.76,0
train_02842.png,285.19,0
train_02843.png,336.4,0
train_02844.png,123.78,1
train_02845.png,297.92,0
train_02846.png,233.9,1
train_02847.png,247.78,0
train_02848.png,96.68,1
train_02849.png,153.79,1
train_02850.png,31.35,0
train_02851.png,113.19,1
train_02852.png,287.67,0
train_02853.png,295.79,1
train_02854.png,132.08,1
train_02855.png,293.12,1
train_02856.png,132.42,1
train_02857.png,120.69,1
train_02858.png,95.79,1
train_02859.png,190.15,0
train_02860.png,298.77,1
train_02861.png,56.97,1
train_02862.png,198.55,1
train_02863.png,341.74,0
train_02864.png,274.55,1
train_02865.png,216.49,1
train_02866.png,315.07,1
train_02867.png,263.78,0
train_02868.png,242.5,0
train_02869.png,173.25,1
train_02870.png,340.11,0
train_02871.png,266.99,0
train_02872.png,196.27,1
train_02873.png,322.49,0
train_02874.png,305.43,0
train_02875.png,96.24,1
train_02876.png,50.72,1
train_02877.png,135.09,1
train_02878.png,257.61,1
train_02879.png,309.37,1
train_02880.png,272.69,1
train_02881.png,275.2,1
train_02882.png,357.41,0
train_02883.png,273.43,0
train_02884.png,49.34,1
train_02885.png,111.19,1
train_02886.png,67.9,1
train_02887.png,67.14,1
train_02888.png,347.59,0
train_02889.png,155.77,1
train_02890.png,318.93,1
train_02891.png,164.48,1
train_02892.png,27.96,1
train_02893.png,286.3,1
train_02894.png,292.0,0
train_02895.png,331.48,0
train_02896.png,225.67,1
train_02897.png,335.35,0
train_02898.png,233.92,1
train_02899.png,5.56,0
train_02900.png,218.2,1
train_02901.png,292.91,1
train_02902.png,172.6,1
train_02903.png,340.59,0
train_02904.png,188.34,0
train_02905.png,241.56,1
train_02906.png,325.83,1
train_02907.png,309.97,0
train_02908.png,87.61,1
train_02909.png,32.61,1
train_02910.png,289.37,0
train_02911.png,306.46,1
train_02912.png,333.73,0
train_02913.png,136.33,1
train_02914.png,241.46,1
train_02915.png,208.87,1
train_02916.png,175.62,0
train_02917.png,10.08,1
train_02918.png,147.54,1
train_02919.png,220.03,1
train_02920.png,194.22,1
train_02921.png,40.57,1
train_02922.png,353.97,1
train_02923.png,146.47,1
train_02924.png,52.51,1
train_02925.png,246.16,1
train_02926.png,219.78,1
train_02927.png,270.87,0
train_02928.png,274.49,0
train_02929.png,283.62,1
train_02930.png,335.86,1
train_02931.png,39.08,1
train_02932.png,147.86,0
train_02933.png,80.46,1
train_02934.png,355.19,0
train_02935.png,159.58,1
train_02936.png,330.81,0
train_02937.png,89.89,1
train_02938.png,147.24,1
train_02939.png,199.57,0
train_02940.png,286.77,1
train_02941.png,52.87,1
train_02942.png,314.89,1
train_02943.png,325.43,1
train_02944.png,246.4,1
train_02945.png,68.12,1
train_02946.png,116.26,0
train_02947.png,56.13,1
train_02948.png,208.57,1
train_02949.png,108.74,1
train_02950.png,290.2,1
train_02951.png,23.28,1
train_02952.png,280.74,0
train_02953.png,345.54,1
train_02954.png,349.17,0
train_02955.png,318.55,0
train_02956.png,157.98,1
train_02957.png,166.82,1
train_02958.png,358.81,0
train_02959.png,134.98,1
train_02960.png,351.71,1
train_02961.png,189.55,1
train_02962.png,281.48,0
train_02963.png,256.14,1
train_02964.png,288.03,0
train_02965.png,357.31,0
train_02966.png,210.02,0
train_02967.png,324.1,0
train_02968.png,297.11,0
train_02969.png,205.69,1
train_02970.png,344.09,1
train_02971.png,335.97,1
train_02972.png,136.96,1
train_02973.png,310.61,0
train_02974.png,16.53,1
train_02975.png,26.27,1
train_02976.png,320.02,1
train_02977.png,350.62,1
train_02978.png,300.71,0
train_02979.png,328.78,0
train_02980.png,155.54,0
train_02981.png,293.7,0
train_02982.png,302.44,0
train_02983.png,241.96,1
train_02984.png,27.23,1
train_02985.png,237.42,1
train_02986.png,132.47,1
train_02987.png,274.0,1
train_02988.png,357.18,0
train_02989.png,272.63,1
train_02990.png,61.11,0
train_02991.png,31.17,1
train_02992.png,155.91,1
train_02993.png,327.93,0
train_02994.png,196.12,1
train_02995.png,185.16,1
train_02996.png,338.53,1
train_02997.png,119.34,1
train_02998.png,53.42,1
train_02999.png,101.4,1
train_03000.png,273.62,1
train_03001.png,247.04,1
train_03002.png,285.92,0
train_03003.png,196.36,0
train_03004.png,322.84,0
train_03005.png,284.02,1
train_03006.png,323.37,1
train_03007.png,323.06,0
train_03008.png,302.1,0
train_03009.png,319.94,1
train_03010.png,115.99,1
train_03011.png,18.63,1
train_03012.png,356.25,1
train_03013.png,327.03,0
train_03014.png,20.58,1
train_03015.png,74.45,1
train_03016.png,291.52,0
train_03017.png,321.32,0
train_03018.png,288.82,0
train_03019.png,227.5,1
train_03020.png,298.28,0
train_03021.png,320.39,1
train_03022.png,19.94,1
train_03023.png,193.97,1
train_03024.png,164.05,1
train_03025.png,81.97,1
train_03026.png,356.98,1
train_03027.png,174.25,1
train_03028.png,348.11,1
train_03029.png,241.81,0
train_03030.png,335.62,0
train_03031.png,335.72,0
train_03032.png,276.58,1
train_03033.png,73.0,1
train_03034.png,10.72,1
train_03035.png,339.38,0
train_03036.png,350.31,0
train_03037.png,101.25,1
train_03038.png,1.88,1
train_03039.png,294.03,1
train_03040.png,197.89,1
train_03041.png,351.72,0
train_03042.png,306.8,1
train_03043.png,189.18,1
train_03044.png,127.01,1
train_03045.png,234.32,1
train_03046.png,206.52,1
train_03047.png,64.43,1
train_03048.png,340.48,0
train_03049.png,206.12,1
train_03050.png,248.99,1
train_03051.png,187.66,1
train_03052.png,314.67,0
train_03053.png,130.04,0
train_03054.png,332.54,0
train_03055.png,288.74,1
train_03056.png,246.23,1
train_03057.png,312.27,1
train_03058.png,175.06,1
train_03059.png,66.96,1
train_03060.png,234.03,0
train_03061.png,339.14,0
train_03062.png,270.05,1
train_03063.png,181.02,1
train_03064.png,350.46,0
train_03065.png,271.15,1
train_03066.png,276.65,0
train_03067.png,20.5,1
train_03068.png,274.38,0
train_03069.png,250.06,1
train_03070.png,344.98,1
train_03071.png,96.05,1
train_03072.png,355.55,0
train_03073.png,138.65,1
train_03074.png,294.91,0
train_03075.png,339.55,0
train_03076.png,296.07,1
train_03077.png,32.03,1
train_03078.png,75.26,0
train_03079.png,72.18,1
train_03080.png,228.61,1
train_03081.png,326.79,0
train_03082.png,33.56,1
train_03083.png,316.4,0
train_03084.png,147.12,1
train_03085.png,79.16,1
train_03086.png,341.68,0
train_03087.png,296.77,0
train_03088.png,333.13,1
train_03089.png,150.79,1
train_03090.png,121.95,1
train_03091.png,26.76,1
train_03092.png,93.06,1
train_03093.png,5.34,1
train_03094.png,338.2,1
train_03095.png,299.28,1
train_03096.png,167.16,1
train_03097.png,343.41,0
train_03098.png,222.15,1
train_03099.png,246.75,1
train_03100.png,54.96,0
train_03101.png,169.79,1
train_03102.png,148.28,1
train_03103.png,323.99,1
train_03104.png,128.31,1
train_03105.png,328.75,0
train_03106.png,156.54,0
train_03107.png,270.03,1
train_03108.png,327.4,0
train_03109.png,358.61,1
train_03110.png,87.93,1
train_03111.png,27.79,0
train_03112.png,221.06,1
train_03113.png,318.92,1
train_03114.png,100.38,1
train_03115.png,155.42,1
train_03116.png,301.12,0
train_03117.png,77.01,1
train_03118.png,204.86,1
train_03119.png,136.84,1
train_03120.png,9.38,1
train_03121.png,342.93,1
train_03122.png,134.54,1
train_03123.png,346.23,0
train_03124.png,316.72,1
train_03125.png,336.09,0
train_03126.png,229.3,1
train_03127.png,231.92,0
train_03128.png,85.93,1
train_03129.png,303.31,0
train_03130.png,339.87,0
train_03131.png,318.99,0
train_03132.png,304.15,0
train_03133.png,174.51,1
train_03134.png,178.93,1
train_03135.png,4.32,1
train_03136.png,200.48,1
train_03137.png,189.65,1
train_03138.png,14.44,1
train_03139.png,306.21,0
train_03140.png,285.11,0
train_03141.png,134.05,1
train_03142.png,352.78,0
train_03143.png,337.17,0
train_03144.png,340.95,0
train_03145.png,333.16,1
train_03146.png,339.11,1
train_03147.png,194.07,0
train_03148.png,291.25,0
train_03149.png,158.27,1
train_03150.png,121.72,1
train_03151.png,220.37,1
train_03152.png,115.41,1
train_03153.png,289.93,1
train_03154.png,184.26,1
train_03155.png,148.59,1
train_03156.png,318.24,0
train_03157.png,114.58,1
train_03158.png,339.51,0
train_03159.png,317.88,0
train_03160.png,254.62,0
train_03161.png,120.91,1
train_03162.png,156.94,1
train_03163.png,216.21,1
train_03164.png,197.59,0
train_03165.png,150.7,1
train_03166.png,6.64,1
train_03167.png,358.43,0
train_03168.png,47.25,1
train_03169.png,307.97,1
train_03170.png,6.95,1
train_03171.png,5.27,1
train_03172.png,315.9,0
train_03173.png,282.21,1
train_03174.png,283.34,1
train_03175.png,282.88,1
train_03176.png,294.21,0
train_03177.png,275.71,0
train_03178.png,303.74,0
train_03179.png,176.05,1
train_03180.png,275.33,0
train_03181.png,351.2,1
train_03182.png,294.08,0
train_03183.png,331.24,0
train_03184.png,165.45,1
train_03185.png,29.1,1
train_03186.png,352.48,0
train_03187.png,56.44,1
train_03188.png,219.88,1
train_03189.png,130.91,1
train_03190.png,281.44,0
train_03191.png,281.95,0
train_03192.png,87.64,1
train_03193.png,23.11,1
train_03194.png,336.54,0
train_03195.png,358.87,0
train_03196.png,350.89,0
train_03197.png,147.71,1
train_03198.png,258.9,1
train_03199.png,313.66,0
train_03200.png,44.24,1
train_03201.png,287.7,0
train_03202.png,316.59,1
train_03203.png,283.09,1
train_03204.png,344.4,1
train_03205.png,39.78,1
train_03206.png,344.87,0
train_03207.png,262.4,1
train_03208.png,49.34,1
train_03209.png,78.27,1
train_03210.png,310.72,0
train_03211.png,215.54,1
train_03212.png,33.92,1
train_03213.png,293.19,1
train_03214.png,207.96,1
train_03215.png,177.83,1
train_03216.png,353.23,0
train_03217.png,282.83,0
train_03218.png,331.88,1
train_03219.png,132.51,1
train_03220.png,69.96,1
train_03221.png,312.07,1
train_03222.png,257.82,1
train_03223.png,27.39,1
train_03224.png,293.12,0
train_03225.png,45.55,1
train_03226.png,319.05,1
train_03227.png,301.29,0
train_03228.png,322.83,1
train_03229.png,116.3,1
train_03230.png,204.59,1
train_03231.png,325.35,1
train_03232.png,26.02,0
train_03233.png,292.73,0
train_03234.png,353.01,1
train_03235.png,86.21,1
train_03236.png,241.17,1
train_03237.png,346.45,0
train_03238.png,125.96,0
train_03239.png,338.76,0
train_03240.png,323.02,1
train_03241.png,275.95,0
train_03242.png,319.03,0
train_03243.png,336.1,0
train_03244.png,90.63,1
train_03245.png,219.71,1
train_03246.png,299.83,1
train_03247.png,285.33,1
train_03248.png,342.22,0
train_03249.png,298.27,0
train_03250.png,317.49,0
train_03251.png,111.19,0
train_03252.png,329.94,0
train_03253.png,108.39,1
train_03254.png,180.92,0
train_03255.png,353.79,0
train_03256.png,53.93,1
train_03257.png,67.82,1
train_03258.png,38.48,1
train_03259.png,35.62,1
train_03260.png,103.85,1
train_03261.png,299.85,0
train_03262.png,352.03,0
train_03263.png,333.99,0
train_03264.png,189.09,1
train_03265.png,309.51,0
train_03266.png,274.43,0
train_03267.png,105.38,1
train_03268.png,274.06,1
train_03269.png,332.86,1
train_03270.png,106.34,1
train_03271.png,272.52,1
train_03272.png,73.87,1
train_03273.png,206.4,1
train_03274.png,231.41,0
train_03275.png,274.33,0
train_03276.png,327.39,0
train_03277.png,51.06,1
train_03278.png,184.02,1
train_03279.png,294.28,0
train_03280.png,347.41,1
train_03281.png,303.06,0
train_03282.png,209.72,1
train_03283.png,213.43,1
train_03284.png,9.61,1
train_03285.png,110.65,1
train_03286.png,232.37,1
train_03287.png,159.8,1
train_03288.png,273.81,0
train_03289.png,152.03,1
train_03290.png,341.74,0
train_03291.png,126.06,1
train_03292.png,302.35,0
train_03293.png,261.4,1
train_03294.png,304.08,0
train_03295.png,186.39,1
train_03296.png,313.07,0
train_03297.png,312.5,0
train_03298.png,246.44,1
train_03299.png,27.69,1
train_03300.png,125.95,0
train_03301.png,278.33,0
train_03302.png,103.64,1
train_03303.png,14.06,1
train_03304.png,358.52,1
train_03305.png,281.05,0
train_03306.png,193.44,1
train_03307.png,281.67,0
train_03308.png,242.43,0
train_03309.png,250.82,1
train_03310.png,338.34,0
train_03311.png,143.21,1
train_03312.png,315.47,0
train_03313.png,245.9,1
train_03314.png,186.59,1
train_03315.png,123.15,1
train_03316.png,276.51,1
train_03317.png,346.18,0
train_03318.png,140.84,1
train_03319.png,311.83,1
train_03320.png,168.16,1
train_03321.png,331.9,1
train_03322.png,175.41,1
train_03323.png,326.07,0
train_03324.png,341.07,0
train_03325.png,280.27,1
train_03326.png,300.88,1
train_03327.png,289.5,0
train_03328.png,151.87,1
train_03329.png,328.63,1
train_03330.png,283.52,0
train_03331.png,260.08,1
train_03332.png,347.41,0
train_03333.png,242.72,0
train_03334.png,316.12,0
train_03335.png,343.33,0
train_03336.png,339.71,1
train_03337.png,67.21,1
train_03338.png,334.21,0
train_03339.png,271.85,0
train_03340.png,24.27,1
train_03341.png,319.8,1
train_03342.png,340.62,1
train_03343.png,288.49,0
train_03344.png,284.44,1
train_03345.png,205.43,1
train_03346.png,308.84,0
train_03347.png,326.47,0
train_03348.png,170.77,1
train_03349.png,311.28,0
train_03350.png,41.96,1
train_03351.png,270.85,0
train_03352.png,288.02,0
train_03353.png,297.38,0
train_03354.png,95.22,1
train_03355.png,238.24,1
train_03356.png,49.98,1
train_03357.png,238.01,1
train_03358.png,271.42,0
train_03359.png,351.39,0
train_03360.png,162.75,1
train_03361.png,90.13,1
train_03362.png,149.06,1
train_03363.png,345.91,1
train_03364.png,255.28,1
train_03365.png,280.25,1
train_03366.png,306.74,0
train_03367.png,292.57,0
train_03368.png,297.78,0
train_03369.png,143.69,1
train_03370.png,61.86,0
train_03371.png,332.23,1
train_03372.png,171.29,1
train_03373.png,301.9,0
train_03374.png,226.76,1
train_03375.png,297.72,1
train_03376.png,275.53,0
train_03377.png,196.15,1
train_03378.png,349.13,0
train_03379.png,238.62,1
train_03380.png,315.89,0
train_03381.png,30.48,1
train_03382.png,358.4,1
train_03383.png,54.48,1
train_03384.png,338.46,0
train_03385.png,160.51,1
train_03386.png,164.75,1
train_03387.png,129.59,1
train_03388.png,324.81,0
train_03389.png,247.08,0
train_03390.png,345.6,1
train_03391.png,294.4,0
train_03392.png,201.6,1
train_03393.png,338.86,0
train_03394.png,281.28,0
train_03395.png,259.98,1
train_03396.png,354.28,0
train_03397.png,46.64,1
train_03398.png,146.28,1
train_03399.png,358.49,0
train_03400.png,349.58,0
train_03401.png,90.69,1
train_03402.png,334.94,0
train_03403.png,121.08,1
train_03404.png,294.11,1
train_03405.png,352.43,0
train_03406.png,60.77,0
train_03407.png,320.49,0
train_03408.png,127.96,1
train_03409.png,123.31,1
train_03410.png,102.18,1
train_03411.png,344.75,0
train_03412.png,315.18,0
train_03413.png,57.73,0
train_03414.png,165.29,1
train_03415.png,242.59,1
train_03416.png,157.99,1
train_03417.png,93.64,1
train_03418.png,216.56,1
train_03419.png,321.84,0
train_03420.png,326.14,1
train_03421.png,146.83,1
train_03422.png,192.1,1
train_03423.png,34.94,1
train_03424.png,173.68,1
train_03425.png,334.95,1
train_03426.png,277.55,0
train_03427.png,53.88,1
train_03428.png,15.14,1
train_03429.png,221.2,1
train_03430.png,288.32,1
train_03431.png,61.16,1
train_03432.png,29.3,1
train_03433.png,314.91,0
train_03434.png,355.72,0
train_03435.png,320.49,0
train_03436.png,229.7,1
train_03437.png,189.41,1
train_03438.png,271.06,1
train_03439.png,15.83,1
train_03440.png,269.13,1
train_03441.png,82.55,1
train_03442.png,286.05,0
train_03443.png,91.53,1
train_03444.png,313.93,1
train_03445.png,158.15,1
train_03446.png,312.71,1
train_03447.png,322.96,0
train_03448.png,283.54,1
train_03449.png,350.75,1
train_03450.png,130.05,1
train_03451.png,340.79,1
train_03452.png,334.01,1
train_03453.png,306.66,1
train_03454.png,307.58,0
train_03455.png,314.19,0
train_03456.png,297.91,0
train_03457.png,6.74,1
train_03458.png,285.19,0
train_03459.png,196.33,1
train_03460.png,84.31,1
train_03461.png,175.61,1
train_03462.png,320.75,0
train_03463.png,241.02,1
train_03464.png,193.09,1
train_03465.png,320.86,1
train_03466.png,32.43,1
train_03467.png,293.62,1
train_03468.png,307.31,0
train_03469.png,253.73,1
train_03470.png,133.87,1
train_03471.png,129.79,1
train_03472.png,312.17,0
train_03473.png,234.76,1
train_03474.png,133.62,1
train_03475.png,332.33,1
train_03476.png,186.0,1
train_03477.png,183.74,1
train_03478.png,285.57,0
train_03479.png,8.57,1
train_03480.png,320.34,0
train_03481.png,129.88,1
train_03482.png,303.9,0
train_03483.png,275.24,1
train_03484.png,338.64,0
train_03485.png,169.77,1
train_03486.png,342.14,0
train_03487.png,258.03,1
train_03488.png,245.82,1
train_03489.png,280.92,1
train_03490.png,18.05,1
train_03491.png,331.45,0
train_03492.png,121.29,1
train_03493.png,288.51,1
train_03494.png,291.28,1
train_03495.png,111.61,1
train_03496.png,199.02,1
train_03497.png,6.34,1
train_03498.png,332.1,0
train_03499.png,224.93,1
train_03500.png,289.64,1
train_03501.png,258.31,1
train_03502.png,295.55,0
train_03503.png,59.14,0
train_03504.png,288.52,0
train_03505.png,314.78,0
train_03506.png,32.01,1
train_03507.png,33.59,1
train_03508.png,350.83,1
train_03509.png,286.72,0
train_03510.png,291.66,0
train_03511.png,356.47,1
train_03512.png,314.4,0
train_03513.png,345.99,0
train_03514.png,275.44,0
train_03515.png,57.63,1
train_03516.png,262.83,1
train_03517.png,231.78,1
train_03518.png,216.37,1
train_03519.png,44.19,1
train_03520.png,4.9,1
train_03521.png,211.0,1
train_03522.png,155.15,0
train_03523.png,320.37,0
train_03524.png,352.93,0
train_03525.png,286.53,0
train_03526.png,241.1,1
train_03527.png,288.93,0
train_03528.png,122.72,1
train_03529.png,151.22,1
train_03530.png,210.0,1
train_03531.png,113.9,0
train_03532.png,17.23,1
train_03533.png,279.79,0
train_03534.png,318.62,1
train_03535.png,163.82,1
train_03536.png,287.52,0
train_03537.png,273.88,0
train_03538.png,161.12,1
train_03539.png,354.96,0
train_03540.png,99.35,1
train_03541.png,43.78,1
train_03542.png,263.0,1
train_03543.png,293.03,1
train_03544.png,347.91,1
train_03545.png,15.02,1
train_03546.png,323.26,0
train_03547.png,283.36,1
train_03548.png,327.41,1
train_03549.png,306.51,0
train_03550.png,312.12,0
train_03551.png,332.39,0
train_03552.png,229.87,1
train_03553.png,80.76,1
train_03554.png,197.47,1
train_03555.png,318.69,0
train_03556.png,131.42,1
train_03557.png,301.07,1
train_03558.png,195.28,1
train_03559.png,257.56,1
train_03560.png,290.68,0
train_03561.png,21.44,1
train_03562.png,347.09,1
train_03563.png,315.21,1
train_03564.png,198.29,1
train_03565.png,323.95,1
train_03566.png,162.92,1
train_03567.png,350.97,0
train_03568.png,348.22,0
train_03569.png,326.74,0
train_03570.png,100.6,1
train_03571.png,190.83,1
train_03572.png,168.18,1
train_03573.png,236.7,1
train_03574.png,315.47,1
train_03575.png,16.38,1
train_03576.png,236.09,1
train_03577.png,34.26,1
train_03578.png,296.24,0
train_03579.png,273.92,1
train_03580.png,334.53,0
train_03581.png,254.35,1
train_03582.png,313.34,1
train_03583.png,297.9,0
train_03584.png,203.57,1
train_03585.png,306.22,0
train_03586.png,242.12,1
train_03587.png,359.25,1
train_03588.png,281.66,1
train_03589.png,294.31,1
train_03590.png,273.15,1
train_03591.png,278.84,1
train_03592.png,315.32,0
train_03593.png,312.15,0
train_03594.png,201.24,1
train_03595.png,84.1,0
train_03596.png,310.56,0
train_03597.png,46.63,1
train_03598.png,218.85,0
train_03599.png,159.98,1
train_03600.png,159.57,1
train_03601.png,254.52,1
train_03602.png,327.37,1
train_03603.png,238.08,1
train_03604.png,358.26,1
train_03605.png,111.65,1
train_03606.png,344.45,0
train_03607.png,273.04,1
train_03608.png,175.74,1
train_03609.png,169.67,1
train_03610.png,179.5,1
train_03611.png,275.97,0
train_03612.png,41.93,1
train_03613.png,151.39,1
train_03614.png,56.86,1
train_03615.png,144.63,1
train_03616.png,313.27,0
train_03617.png,276.04,0
train_03618.png,135.35,1
train_03619.png,144.48,1
train_03620.png,212.83,1
train_03621.png,230.24,1
train_03622.png,6.54,1
train_03623.png,56.41,1
train_03624.png,300.9,0
train_03625.png,85.29,1
train_03626.png,75.55,1
train_03627.png,316.27,0
train_03628.png,342.82,0
train_03629.png,280.75,0
train_03630.png,131.43,0
train_03631.png,351.39,0
train_03632.png,106.75,0
train_03633.png,223.67,1
train_03634.png,359.5,0
train_03635.png,278.95,0
train_03636.png,290.07,1
train_03637.png,206.77,1
train_03638.png,337.01,0
train_03639.png,62.15,1
train_03640.png,89.84,0
train_03641.png,106.85,1
train_03642.png,294.86,0
train_03643.png,105.77,1
train_03644.png,337.85,0
train_03645.png,344.68,0
train_03646.png,88.69,1
train_03647.png,168.54,1
train_03648.png,347.17,0
train_03649.png,347.97,0
train_03650.png,357.54,0
train_03651.png,327.44,0
train_03652.png,171.11,1
train_03653.png,106.17,1
train_03654.png,314.75,0
train_03655.png,159.86,1
train_03656.png,120.33,0
train_03657.png,97.34,0
train_03658.png,37.01,1
train_03659.png,176.81,1
train_03660.png,287.18,0
train_03661.png,334.3,1
train_03662.png,188.02,1
train_03663.png,12.84,1
train_03664.png,49.64,1
train_03665.png,280.07,0
train_03666.png,329.45,0
train_03667.png,95.57,1
train_03668.png,66.21,1
train_03669.png,65.18,1
train_03670.png,15.12,1
train_03671.png,342.22,0
train_03672.png,98.4,1
train_03673.png,237.64,1
train_03674.png,344.3,1
train_03675.png,66.22,1
train_03676.png,71.58,0
train_03677.png,345.51,0
train_03678.png,320.4,1
train_03679.png,135.32,1
train_03680.png,346.67,1
train_03681.png,28.88,1
train_03682.png,344.93,0
train_03683.png,333.27,1
train_03684.png,343.23,0
train_03685.png,326.14,1
train_03686.png,341.14,0
train_03687.png,17.75,1
train_03688.png,3.97,1
train_03689.png,171.77,1
train_03690.png,49.09,0
train_03691.png,300.93,1
train_03692.png,287.33,1
train_03693.png,270.51,0
train_03694.png,14.56,1
train_03695.png,281.14,1
train_03696.png,257.5,1
train_03697.png,250.65,1
train_03698.png,230.97,1
train_03699.png,255.64,1
train_03700.png,197.45,1
train_03701.png,117.23,1
train_03702.png,275.89,0
train_03703.png,120.22,1
train_03704.png,341.23,0
train_03705.png,20.13,0
train_03706.png,276.51,0
train_03707.png,335.89,1
train_03708.png,132.07,1
train_03709.png,50.7,1
train_03710.png,133.6,1
train_03711.png,336.44,0
train_03712.png,282.62,0
train_03713.png,208.66,1
train_03714.png,29.85,1
train_03715.png,280.88,0
train_03716.png,179.72,1
train_03717.png,101.35,1
train_03718.png,347.98,0
train_03719.png,9.37,1
train_03720.png,150.93,0
train_03721.png,279.11,1
train_03722.png,254.03,1
train_03723.png,346.44,0
train_03724.png,336.56,1
train_03725.png,223.79,1
train_03726.png,205.27,0
train_03727.png,345.52,0
train_03728.png,204.18,1
train_03729.png,319.1,0
train_03730.png,183.33,1
train_03731.png,118.64,1
train_03732.png,304.55,1
train_03733.png,353.17,0
train_03734.png,96.0,1
train_03735.png,279.7,0
train_03736.png,81.36,1
train_03737.png,57.23,1
train_03738.png,168.8,1
train_03739.png,293.33,1
train_03740.png,326.21,1
train_03741.png,131.92,1
train_03742.png,109.69,1
train_03743.png,323.06,0
train_03744.png,303.92,0
train_03745.png,46.06,1
train_03746.png,349.44,0
train_03747.png,358.81,0
train_03748.png,355.28,0
train_03749.png,325.04,0
train_03750.png,334.35,0
train_03751.png,261.63,1
train_03752.png,303.6,0
train_03753.png,186.0,1
train_03754.png,200.6,1
train_03755.png,214.33,1
train_03756.png,281.54,1
train_03757.png,37.78,1
train_03758.png,25.49,1
train_03759.png,77.83,1
train_03760.png,347.77,0
train_03761.png,29.26,1
train_03762.png,226.33,1
train_03763.png,214.62,1
train_03764.png,48.74,1
train_03765.png,345.31,1
train_03766.png,319.17,0
train_03767.png,358.22,1
train_03768.png,357.07,1
train_03769.png,219.8,0
train_03770.png,30.28,1
train_03771.png,270.18,1
train_03772.png,244.23,1
train_03773.png,257.02,1
train_03774.png,296.58,1
train_03775.png,270.0,1
train_03776.png,192.14,1
train_03777.png,247.6,0
train_03778.png,293.05,1
train_03779.png,357.29,0
train_03780.png,54.68,0
train_03781.png,6.23,1
train_03782.png,275.82,1
train_03783.png,314.3,0
train_03784.png,135.25,1
train_03785.png,231.79,1
train_03786.png,349.94,1
train_03787.png,188.63,1
train_03788.png,8.03,1
train_03789.png,230.89,1
train_03790.png,18.31,0
train_03791.png,341.15,1
train_03792.png,213.58,1
train_03793.png,329.44,0
train_03794.png,190.33,1
train_03795.png,294.88,0
train_03796.png,305.52,1
train_03797.png,126.11,1
train_03798.png,231.37,1
train_03799.png,167.83,1
train_03800.png,281.66,0
train_03801.png,197.62,1
train_03802.png,298.46,1
train_03803.png,129.64,1
train_03804.png,163.5,0
train_03805.png,310.84,0
train_03806.png,295.32,1
train_03807.png,275.51,0
train_03808.png,47.47,1
train_03809.png,340.24,0
train_03810.png,290.65,1
train_03811.png,285.13,1
train_03812.png,146.95,1
train_03813.png,334.54,1
train_03814.png,193.6,1
train_03815.png,350.53,0
train_03816.png,107.58,1
train_03817.png,277.93,0
train_03818.png,325.93,1
train_03819.png,275.2,0
train_03820.png,135.27,1
train_03821.png,338.08,0
train_03822.png,96.79,0
train_03823.png,107.96,1
train_03824.png,133.88,1
train_03825.png,263.21,1
train_03826.png,176.95,0
train_03827.png,294.29,1
train_03828.png,9.16,1
train_03829.png,2.97,1
train_03830.png,200.9,1
train_03831.png,298.24,0
train_03832.png,295.86,0
train_03833.png,330.79,1
train_03834.png,139.15,0
train_03835.png,238.84,1
train_03836.png,278.93,1
train_03837.png,168.12,1
train_03838.png,168.93,1
train_03839.png,325.91,0
train_03840.png,53.14,1
train_03841.png,143.41,1
train_03842.png,95.6,1
train_03843.png,81.13,1
train_03844.png,58.02,1
train_03845.png,354.1,0
train_03846.png,23.65,1
train_03847.png,231.94,1
train_03848.png,208.13,1
train_03849.png,144.32,1
train_03850.png,154.2,1
train_03851.png,299.54,1
train_03852.png,87.07,1
train_03853.png,67.78,1
train_03854.png,311.61,0
train_03855.png,318.36,0
train_03856.png,316.09,0
train_03857.png,338.54,1
train_03858.png,332.87,0
train_03859.png,81.37,0
train_03860.png,321.07,0
train_03861.png,15.6,1
train_03862.png,283.69,0
train_03863.png,292.66,1
train_03864.png,335.7,0
train_03865.png,343.96,0
train_03866.png,189.43,1
train_03867.png,305.83,1
train_03868.png,130.24,1
train_03869.png,356.07,1
train_03870.png,37.74,1
train_03871.png,342.12,1
train_03872.png,241.18,1
train_03873.png,28.84,0
train_03874.png,297.7,1
train_03875.png,339.09,0
train_03876.png,284.45,0
train_03877.png,335.57,0
train_03878.png,205.29,1
train_03879.png,23.37,1
train_03880.png,56.58,1
train_03881.png,327.44,0
train_03882.png,356.85,0
train_03883.png,113.47,1
train_03884.png,315.67,1
train_03885.png,124.43,0
train_03886.png,85.13,0
train_03887.png,343.15,1
train_03888.png,335.98,1
train_03889.png,86.05,1
train_03890.png,105.13,1
train_03891.png,253.48,1
train_03892.png,0.51,1
train_03893.png,67.29,1
train_03894.png,106.54,1
train_03895.png,347.63,0
train_03896.png,348.11,0
train_03897.png,162.22,1
train_03898.png,277.67,1
train_03899.png,63.16,1
train_03900.png,332.91,1
train_03901.png,343.56,1
train_03902.png,188.67,1
train_03903.png,321.13,1
train_03904.png,28.77,1
train_03905.png,343.4,1
train_03906.png,300.89,1
train_03907.png,87.89,1
train_03908.png,11.59,1
train_03909.png,90.47,1
train_03910.png,349.48,1
train_03911.png,26.24,0
train_03912.png,193.73,1
train_03913.png,134.16,1
train_03914.png,332.86,1
train_03915.png,320.3,1
train_03916.png,166.5,1
train_03917.png,264.8,1
train_03918.png,104.0,1
train_03919.png,82.01,1
train_03920.png,200.86,1
train_03921.png,329.91,1
train_03922.png,324.79,1
train_03923.png,201.35,1
train_03924.png,110.07,1
train_03925.png,322.72,1
train_03926.png,236.33,1
train_03927.png,268.47,1
train_03928.png,152.95,1
train_03929.png,338.63,0
train_03930.png,277.0,0
train_03931.png,319.94,1
train_03932.png,120.18,1
train_03933.png,100.9,1
train_03934.png,22.09,0
train_03935.png,324.14,1
train_03936.png,27.58,1
train_03937.png,316.66,0
train_03938.png,328.0,0
train_03939.png,8.01,1
train_03940.png,139.85,1
train_03941.png,333.12,1
train_03942.png,14.02,0
train_03943.png,289.12,1
train_03944.png,357.18,1
train_03945.png,204.96,1
train_03946.png,357.47,0
train_03947.png,266.33,1
train_03948.png,284.95,1
train_03949.png,321.16,1
train_03950.png,313.03,0
train_03951.png,327.84,1
train_03952.png,270.91,1
train_03953.png,127.36,0
train_03954.png,331.96,1
train_03955.png,109.26,1
train_03956.png,330.23,0
train_03957.png,16.72,1
train_03958.png,150.24,1
train_03959.png,193.46,0
train_03960.png,359.81,0
train_03961.png,86.96,1
train_03962.png,353.27,0
train_03963.png,262.34,1
train_03964.png,157.92,0
train_03965.png,316.02,1
train_03966.png,204.44,1
train_03967.png,278.03,0
train_03968.png,45.85,1
train_03969.png,320.31,0
train_03970.png,41.13,1
train_03971.png,298.33,1
train_03972.png,73.74,1
train_03973.png,50.67,1
train_03974.png,202.89,1
train_03975.png,197.23,1
train_03976.png,328.25,0
train_03977.png,337.09,0
train_03978.png,8.78,0
train_03979.png,281.46,0
train_03980.png,340.56,1
train_03981.png,126.66,1
train_03982.png,312.6,1
train_03983.png,281.86,0
train_03984.png,1.67,1
train_03985.png,36.16,1
train_03986.png,339.33,1
train_03987.png,151.6,0
train_03988.png,64.94,1
train_03989.png,351.83,0
train_03990.png,61.75,1
train_03991.png,14.98,1
train_03992.png,340.81,1
train_03993.png,108.58,1
train_03994.png,243.64,1
train_03995.png,254.71,1
train_03996.png,314.89,0
train_03997.png,287.21,0
train_03998.png,321.29,0
train_03999.png,335.75,1
train_04000.png,284.16,1
train_04001.png,251.65,1
train_04002.png,330.58,0
train_04003.png,98.25,1
train_04004.png,141.28,0
train_04005.png,202.56,1
train_04006.png,108.56,1
train_04007.png,181.47,1
train_04008.png,287.97,0
train_04009.png,284.58,0
train_04010.png,273.49,1
train_04011.png,272.37,1
train_04012.png,237.19,0
train_04013.png,193.35,1
train_04014.png,10.44,1
train_04015.png,303.38,0
train_04016.png,301.45,0
train_04017.png,181.53,0
train_04018.png,84.61,0
train_04019.png,356.17,0
train_04020.png,329.31,0
train_04021.png,277.66,0
train_04022.png,133.92,1
train_04023.png,340.22,1
train_04024.png,255.0,0
train_04025.png,165.35,0
train_04026.png,357.04,1
train_04027.png,291.69,0
train_04028.png,285.42,0
train_04029.png,162.25,1
train_04030.png,139.11,1
train_04031.png,337.61,1
train_04032.png,211.67,1
train_04033.png,330.22,0
train_04034.png,298.32,0
train_04035.png,30.17,0
train_04036.png,72.89,1
train_04037.png,286.41,0
train_04038.png,37.54,1
train_04039.png,278.64,0
train_04040.png,349.95,1
train_04041.png,50.03,1
train_04042.png,153.81,1
train_04043.png,339.59,0
train_04044.png,244.84,1
train_04045.png,98.29,1
train_04046.png,120.55,1
train_04047.png,162.22,1
train_04048.png,163.77,1
train_04049.png,115.09,1
train_04050.png,65.19,1
train_04051.png,319.18,0
train_04052.png,71.43,1
train_04053.png,204.56,1
train_04054.png,301.99,0
train_04055.png,255.65,1
train_04056.png,114.89,1
train_04057.png,324.45,0
train_04058.png,288.29,0
train_04059.png,237.37,0
train_04060.png,322.65,0
train_04061.png,344.57,0
train_04062.png,197.72,1
train_04063.png,358.42,0
train_04064.png,279.4,1
train_04065.png,220.82,1
train_04066.png,217.18,1
train_04067.png,220.72,1
train_04068.png,269.74,1
train_04069.png,352.53,1
train_04070.png,69.81,1
train_04071.png,274.9,0
train_04072.png,287.14,1
train_04073.png,307.42,0
train_04074.png,37.15,1
train_04075.png,29.23,1
train_04076.png,153.46,1
train_04077.png,84.27,1
train_04078.png,341.12,0
train_04079.png,84.57,1
train_04080.png,96.0,1
train_04081.png,11.11,1
train_04082.png,137.01,1
train_04083.png,63.75,1
train_04084.png,347.07,0
train_04085.png,123.44,1
train_04086.png,274.25,1
train_04087.png,102.32,1
train_04088.png,306.77,1
train_04089.png,271.32,0
train_04090.png,96.3,1
train_04091.png,66.18,1
train_04092.png,186.71,1
train_04093.png,358.37,0
train_04094.png,87.87,1
train_04095.png,232.7,1
train_04096.png,160.58,1
train_04097.png,211.19,1
train_04098.png,339.76,0
train_04099.png,346.68,0
train_04100.png,160.82,1
train_04101.png,160.32,1
train_04102.png,345.57,1
train_04103.png,95.93,1
train_04104.png,275.85,0
train_04105.png,260.19,1
train_04106.png,39.87,1
train_04107.png,343.31,0
train_04108.png,318.45,0
train_04109.png,271.78,0
train_04110.png,265.64,0
train_04111.png,122.07,1
train_04112.png,278.21,0
train_04113.png,346.38,0
train_04114.png,337.9,1
train_04115.png,139.97,1
train_04116.png,308.05,0
train_04117.png,355.69,0
train_04118.png,26.73,0
train_04119.png,303.4,1
train_04120.png,59.08,1
train_04121.png,85.72,1
train_04122.png,343.67,1
train_04123.png,305.72,0
train_04124.png,10.94,1
train_04125.png,299.68,0
train_04126.png,321.59,0
train_04127.png,244.5,0
train_04128.png,329.5,1
train_04129.png,347.58,1
train_04130.png,265.66,1
train_04131.png,318.48,0
train_04132.png,338.2,1
train_04133.png,255.65,1
train_04134.png,310.69,1
train_04135.png,8.31,1
train_04136.png,329.74,0
train_04137.png,294.45,1
train_04138.png,225.88,1
train_04139.png,182.22,1
train_04140.png,324.15,1
train_04141.png,335.87,1
train_04142.png,56.73,1
train_04143.png,359.84,0
train_04144.png,264.75,1
train_04145.png,125.59,1
train_04146.png,52.08,1
train_04147.png,18.06,0
train_04148.png,37.88,1
train_04149.png,292.02,0
train_04150.png,289.86,0
train_04151.png,45.55,1
train_04152.png,319.75,0
train_04153.png,299.31,1
train_04154.png,220.78,1
train_04155.png,290.36,0
train_04156.png,207.95,0
train_04157.png,303.18,0
train_04158.png,297.89,1
train_04159.png,287.89,0
train_04160.png,228.27,1
train_04161.png,288.15,1
train_04162.png,163.19,1
train_04163.png,323.17,1
train_04164.png,332.77,0
train_04165.png,76.17,1
train_04166.png,291.67,1
train_04167.png,2.6,1
train_04168.png,331.21,0
train_04169.png,191.05,1
train_04170.png,344.13,0
train_04171.png,206.79,1
train_04172.png,357.33,1
train_04173.png,339.86,0
train_04174.png,262.53,1
train_04175.png,342.33,0
train_04176.png,332.87,0
train_04177.png,245.79,1
train_04178.png,104.94,1
train_04179.png,333.12,1
train_04180.png,298.1,1
train_04181.png,177.28,1
train_04182.png,68.94,0
train_04183.png,336.25,0
train_04184.png,173.81,1
train_04185.png,166.98,1
train_04186.png,308.13,0
train_04187.png,147.31,0
train_04188.png,288.06,1
train_04189.png,278.63,1
train_04190.png,210.02,1
train_04191.png,326.89,0
train_04192.png,272.62,0
train_04193.png,95.25,1
train_04194.png,355.04,0
train_04195.png,268.61,1
train_04196.png,134.72,1
train_04197.png,297.48,0
train_04198.png,37.97,0
train_04199.png,138.39,1
train_04200.png,264.21,1
train_04201.png,299.83,1
train_04202.png,273.97,0
train_04203.png,325.57,0
train_04204.png,71.77,1
train_04205.png,253.65,1
train_04206.png,273.14,0
train_04207.png,151.14,1
train_04208.png,282.72,1
train_04209.png,346.93,1
train_04210.png,329.42,1
train_04211.png,343.68,0
train_04212.png,117.3,1
train_04213.png,323.48,0
train_04214.png,73.6,1
train_04215.png,344.97,1
train_04216.png,222.5,1
train_04217.png,225.31,1
train_04218.png,351.79,1
train_04219.png,355.09,0
train_04220.png,61.36,1
train_04221.png,126.88,1
train_04222.png,292.31,0
train_04223.png,323.42,0
train_04224.png,327.54,1
train_04225.png,344.82,0
train_04226.png,282.31,0
train_04227.png,206.55,1
train_04228.png,319.52,0
train_04229.png,156.98,0
train_04230.png,278.11,1
train_04231.png,46.01,1
train_04232.png,110.56,1
train_04233.png,313.79,1
train_04234.png,99.47,0
train_04235.png,276.43,0
train_04236.png,240.57,1
train_04237.png,113.21,1
train_04238.png,284.99,1
train_04239.png,284.58,0
train_04240.png,297.38,0
train_04241.png,158.87,1
train_04242.png,282.56,1
train_04243.png,334.96,0
train_04244.png,335.09,0
train_04245.png,350.31,0
train_04246.png,97.04,1
train_04247.png,357.41,1
train_04248.png,152.24,1
train_04249.png,70.5,1
train_04250.png,91.56,1
train_04251.png,189.63,1
train_04252.png,29.6,1
train_04253.png,14.97,1
train_04254.png,309.1,0
train_04255.png,145.92,0
train_04256.png,243.77,1
train_04257.png,119.58,1
train_04258.png,322.68,0
train_04259.png,315.02,1
train_04260.png,298.59,1
train_04261.png,126.85,0
train_04262.png,275.88,0
train_04263.png,219.53,1
train_04264.png,194.77,1
train_04265.png,74.99,1
train_04266.png,236.1,1
train_04267.png,64.57,1
train_04268.png,319.47,1
train_04269.png,154.92,0
train_04270.png,152.37,1
train_04271.png,242.73,1
train_04272.png,244.9,1
train_04273.png,244.25,1
train_04274.png,174.12,1
train_04275.png,235.26,1
train_04276.png,313.22,1
train_04277.png,302.65,0
train_04278.png,324.66,1
train_04279.png,282.1,1
train_04280.png,288.96,0
train_04281.png,27.12,1
train_04282.png,356.64,0
train_04283.png,242.42,1
train_04284.png,331.72,0
train_04285.png,358.08,1
train_04286.png,281.98,0
train_04287.png,327.46,1
train_04288.png,12.37,1
train_04289.png,314.41,0
train_04290.png,325.48,1
train_04291.png,91.02,1
train_04292.png,39.81,1
train_04293.png,132.85,1
train_04294.png,106.75,1
train_04295.png,88.49,1
train_04296.png,36.08,1
train_04297.png,311.51,0
train_04298.png,337.84,0
train_04299.png,144.21,1
train_04300.png,258.37,1
train_04301.png,358.39,1
train_04302.png,330.29,0
train_04303.png,127.44,1
train_04304.png,78.64,1
train_04305.png,289.83,0
train_04306.png,359.06,1
train_04307.png,209.65,1
train_04308.png,324.64,0
train_04309.png,13.05,1
train_04310.png,267.86,0
train_04311.png,140.08,1
train_04312.png,338.37,0
train_04313.png,283.0,1
train_04314.png,30.22,1
train_04315.png,144.52,1
train_04316.png,358.64,0
train_04317.png,340.21,0
train_04318.png,282.89,0
train_04319.png,277.49,0
train_04320.png,271.83,1
train_04321.png,354.94,0
train_04322.png,307.42,0
train_04323.png,276.4,0
train_04324.png,306.21,0
train_04325.png,349.75,0
train_04326.png,277.65,0
train_04327.png,88.18,1
train_04328.png,214.71,1
train_04329.png,111.34,1
train_04330.png,213.36,1
train_04331.png,351.53,1
train_04332.png,194.07,1
train_04333.png,50.96,1
train_04334.png,66.56,1
train_04335.png,213.27,0
train_04336.png,351.56,0
train_04337.png,113.33,1
train_04338.png,263.61,1
train_04339.png,351.35,1
train_04340.png,350.23,1
train_04341.png,220.93,1
train_04342.png,254.0,1
train_04343.png,190.53,1
train_04344.png,44.11,1
train_04345.png,233.58,1
train_04346.png,281.88,1
train_04347.png,276.58,0
train_04348.png,123.14,0
train_04349.png,319.29,0
train_04350.png,134.99,1
train_04351.png,347.44,0
train_04352.png,356.0,0
train_04353.png,264.42,1
train_04354.png,83.69,1
train_04355.png,112.94,1
train_04356.png,282.23,0
train_04357.png,342.81,0
train_04358.png,322.93,1
train_04359.png,310.84,1
train_04360.png,344.18,0
train_04361.png,322.77,0
train_04362.png,188.2,1
train_04363.png,343.84,0
train_04364.png,175.76,1
train_04365.png,318.16,0
train_04366.png,347.21,0
train_04367.png,237.48,1
train_04368.png,279.09,0
train_04369.png,24.19,1
train_04370.png,25.69,1
train_04371.png,134.63,1
train_04372.png,259.49,1
train_04373.png,284.96,0
train_04374.png,286.67,1
train_04375.png,270.28,0
train_04376.png,69.11,1
train_04377.png,307.05,1
train_04378.png,254.95,1
train_04379.png,100.77,1
train_04380.png,319.84,1
train_04381.png,335.14,0
train_04382.png,331.86,1
train_04383.png,72.8,1
train_04384.png,316.54,1
train_04385.png,25.15,0
train_04386.png,57.74,1
train_04387.png,144.36,1
train_04388.png,127.41,1
train_04389.png,323.29,0
train_04390.png,328.24,1
train_04391.png,115.57,1
train_04392.png,313.63,0
train_04393.png,19.31,1
train_04394.png,217.05,1
train_04395.png,87.26,1
train_04396.png,314.58,1
train_04397.png,116.22,1
train_04398.png,274.56,1
train_04399.png,203.3,1
train_04400.png,294.29,1
train_04401.png,279.51,0
train_04402.png,274.93,0
train_04403.png,3.8,1
train_04404.png,307.19,0
train_04405.png,213.57,1
train_04406.png,124.93,1
train_04407.png,248.48,1
train_04408.png,350.57,0
train_04409.png,78.99,1
train_04410.png,198.6,1
train_04411.png,48.33,1
train_04412.png,246.5,1
train_04413.png,145.03,0
train_04414.png,297.53,0
train_04415.png,263.89,1
train_04416.png,102.53,1
train_04417.png,337.51,1
train_04418.png,109.78,1
train_04419.png,349.67,1
train_04420.png,54.81,1
train_04421.png,320.55,0
train_04422.png,132.53,1
train_04423.png,3.5,1
train_04424.png,302.33,0
train_04425.png,273.12,1
train_04426.png,123.99,1
train_04427.png,105.0,1
train_04428.png,33.43,1
train_04429.png,343.0,1
train_04430.png,321.51,0
train_04431.png,342.86,0
train_04432.png,257.02,1
train_04433.png,224.19,0
train_04434.png,163.42,1
train_04435.png,11.69,1
train_04436.png,116.95,1
train_04437.png,214.4,1
train_04438.png,77.35,1
train_04439.png,320.23,0
train_04440.png,306.9,1
train_04441.png,273.23,0
train_04442.png,346.58,0
train_04443.png,81.55,0
train_04444.png,141.01,1
train_04445.png,264.98,1
train_04446.png,329.33,1
train_04447.png,26.88,1
train_04448.png,260.84,0
train_04449.png,7.59,1
train_04450.png,331.56,0
train_04451.png,180.33,1
train_04452.png,6.68,1
train_04453.png,168.37,0
train_04454.png,276.75,0
train_04455.png,90.67,1
train_04456.png,309.24,1
train_04457.png,242.23,0
train_04458.png,212.4,1
train_04459.png,332.17,1
train_04460.png,273.27,1
train_04461.png,210.57,1
train_04462.png,165.84,1
train_04463.png,217.19,1
train_04464.png,271.15,1
train_04465.png,9.46,1
train_04466.png,338.67,0
train_04467.png,76.15,1
train_04468.png,70.45,1
train_04469.png,348.21,1
train_04470.png,73.47,1
train_04471.png,6.26,1
train_04472.png,248.24,1
train_04473.png,104.01,1
train_04474.png,296.07,1
train_04475.png,331.5,0
train_04476.png,182.29,1
train_04477.png,228.16,1
train_04478.png,67.47,1
train_04479.png,337.89,1
train_04480.png,21.04,1
train_04481.png,322.23,0
train_04482.png,317.39,0
train_04483.png,233.73,1
train_04484.png,216.64,1
train_04485.png,347.96,0
train_04486.png,53.78,1
train_04487.png,27.13,1
train_04488.png,343.6,0
train_04489.png,188.36,1
train_04490.png,355.98,0
train_04491.png,40.95,0
train_04492.png,68.01,1
train_04493.png,199.09,1
train_04494.png,237.67,1
train_04495.png,221.21,1
train_04496.png,249.28,1
train_04497.png,315.13,0
train_04498.png,285.67,0
train_04499.png,312.52,0
train_04500.png,279.32,1
train_04501.png,290.92,0
train_04502.png,311.68,1
train_04503.png,72.31,1
train_04504.png,319.9,0
train_04505.png,321.66,0
train_04506.png,31.2,1
train_04507.png,90.21,1
train_04508.png,182.71,1
train_04509.png,353.75,0
train_04510.png,265.75,1
train_04511.png,292.58,0
train_04512.png,18.22,1
train_04513.png,118.73,1
train_04514.png,62.16,1
train_04515.png,177.92,1
train_04516.png,327.82,0
train_04517.png,219.69,1
train_04518.png,155.74,1
train_04519.png,201.56,0
train_04520.png,295.77,0
train_04521.png,335.92,0
train_04522.png,310.12,0
train_04523.png,76.84,1
train_04524.png,319.17,0
train_04525.png,321.88,0
train_04526.png,59.95,0
train_04527.png,343.19,1
train_04528.png,281.66,0
train_04529.png,319.89,1
train_04530.png,276.81,1
train_04531.png,99.14,1
train_04532.png,235.18,1
train_04533.png,342.74,1
train_04534.png,325.5,0
train_04535.png,329.99,0
train_04536.png,106.87,1
train_04537.png,274.09,1
train_04538.png,66.35,0
train_04539.png,348.02,0
train_04540.png,297.05,0
train_04541.png,333.56,1
train_04542.png,42.14,0
train_04543.png,275.67,0
train_04544.png,351.98,0
train_04545.png,301.58,1
train_04546.png,199.06,1
train_04547.png,345.59,1
train_04548.png,2.63,1
train_04549.png,10.45,1
train_04550.png,355.83,0
train_04551.png,308.29,1
train_04552.png,271.82,0
train_04553.png,298.81,0
train_04554.png,211.47,1
train_04555.png,275.18,1
train_04556.png,346.39,0
train_04557.png,58.59,1
train_04558.png,150.31,1
train_04559.png,298.78,0
train_04560.png,19.78,1
train_04561.png,223.83,1
train_04562.png,195.68,1
train_04563.png,323.36,1
train_04564.png,358.68,0
train_04565.png,344.24,1
train_04566.png,294.42,0
train_04567.png,179.26,1
train_04568.png,264.99,1
train_04569.png,173.71,1
train_04570.png,292.46,1
train_04571.png,113.98,0
train_04572.png,175.51,1
train_04573.png,264.4,1
train_04574.png,103.49,0
train_04575.png,91.58,0
train_04576.png,130.37,1
train_04577.png,2.92,1
train_04578.png,316.89,0
train_04579.png,18.43,1
train_04580.png,263.95,1
train_04581.png,197.7,1
train_04582.png,333.95,1
train_04583.png,233.34,1
train_04584.png,354.14,0
train_04585.png,310.21,0
train_04586.png,289.05,1
train_04587.png,199.6,1
train_04588.png,81.79,1
train_04589.png,264.94,1
train_04590.png,355.56,0
train_04591.png,165.36,1
train_04592.png,198.0,1
train_04593.png,95.75,1
train_04594.png,275.27,0
train_04595.png,321.27,1
train_04596.png,320.45,0
train_04597.png,221.42,1
train_04598.png,153.27,1
train_04599.png,160.55,1
train_04600.png,296.56,0
train_04601.png,16.79,1
train_04602.png,287.64,1
train_04603.png,314.18,0
train_04604.png,158.59,1
train_04605.png,289.25,0
train_04606.png,53.82,1
train_04607.png,235.75,1
train_04608.png,163.35,1
train_04609.png,170.53,1
train_04610.png,288.34,0
train_04611.png,298.87,0
train_04612.png,295.65,0
train_04613.png,284.38,1
train_04614.png,236.24,1
train_04615.png,295.38,0
train_04616.png,201.54,1
train_04617.png,323.25,0
train_04618.png,221.7,1
train_04619.png,316.71,0
train_04620.png,118.0,1
train_04621.png,279.66,0
train_04622.png,308.94,0
train_04623.png,346.82,0
train_04624.png,60.52,1
train_04625.png,265.65,1
train_04626.png,325.05,1
train_04627.png,213.72,1
train_04628.png,47.17,1
train_04629.png,294.47,0
train_04630.png,344.27,0
train_04631.png,294.23,0
train_04632.png,359.15,1
train_04633.png,90.45,1
train_04634.png,329.35,0
train_04635.png,226.82,1
train_04636.png,195.93,1
train_04637.png,234.35,1
train_04638.png,293.98,0
train_04639.png,304.84,1
train_04640.png,330.13,1
train_04641.png,267.92,1
train_04642.png,27.58,1
train_04643.png,69.49,1
train_04644.png,229.76,1
train_04645.png,245.49,1
train_04646.png,294.68,1
train_04647.png,340.14,1
train_04648.png,176.14,1
train_04649.png,299.98,0
train_04650.png,276.22,1
train_04651.png,318.2,1
train_04652.png,14.58,1
train_04653.png,112.56,1
train_04654.png,273.8,1
train_04655.png,261.83,1
train_04656.png,341.53,0
train_04657.png,277.2,0
train_04658.png,261.35,1
train_04659.png,284.89,0
train_04660.png,218.22,1
train_04661.png,149.26,1
train_04662.png,145.8,1
train_04663.png,89.55,1
train_04664.png,156.13,1
train_04665.png,134.07,1
train_04666.png,178.03,1
train_04667.png,358.62,0
train_04668.png,334.77,0
train_04669.png,332.5,1
train_04670.png,12.08,1
train_04671.png,313.77,1
train_04672.png,274.77,1
train_04673.png,308.86,1
train_04674.png,207.86,1
train_04675.png,18.66,0
train_04676.png,181.28,1
train_04677.png,225.47,1
train_04678.png,278.25,0
train_04679.png,311.19,0
train_04680.png,85.13,1
train_04681.png,196.74,1
train_04682.png,312.45,0
train_04683.png,351.28,1
train_04684.png,117.76,1
train_04685.png,322.59,0
train_04686.png,315.99,1
train_04687.png,286.4,0
train_04688.png,104.57,1
train_04689.png,61.01,1
train_04690.png,158.71,0
train_04691.png,250.25,0
train_04692.png,339.02,0
train_04693.png,167.3,1
train_04694.png,309.86,0
train_04695.png,291.47,1
train_04696.png,121.31,1
train_04697.png,320.76,0
train_04698.png,301.1,0
train_04699.png,64.01,1
train_04700.png,298.16,0
train_04701.png,262.99,1
train_04702.png,97.62,1
train_04703.png,293.78,0
train_04704.png,37.36,1
train_04705.png,320.4,0
train_04706.png,298.31,1
train_04707.png,16.91,0
train_04708.png,2.86,1
train_04709.png,300.94,1
train_04710.png,343.95,1
train_04711.png,326.19,0
train_04712.png,105.67,1
train_04713.png,271.25,0
train_04714.png,347.86,0
train_04715.png,0.22,1
train_04716.png,264.97,0
train_04717.png,295.87,0
train_04718.png,188.53,1
train_04719.png,80.27,1
train_04720.png,81.48,1
train_04721.png,236.39,0
train_04722.png,275.17,0
train_04723.png,295.29,0
train_04724.png,288.95,0
train_04725.png,42.72,1
train_04726.png,314.23,0
train_04727.png,289.13,0
train_04728.png,281.15,1
train_04729.png,124.36,1
train_04730.png,75.94,1
train_04731.png,339.09,1
train_04732.png,186.07,1
train_04733.png,218.5,1
train_04734.png,280.99,0
train_04735.png,61.81,1
train_04736.png,351.88,0
train_04737.png,112.77,0
train_04738.png,293.74,0
train_04739.png,353.96,1
train_04740.png,186.94,1
train_04741.png,39.76,1
train_04742.png,92.67,1
train_04743.png,57.84,0
train_04744.png,236.69,1
train_04745.png,351.31,0
train_04746.png,274.0,0
train_04747.png,326.54,0
train_04748.png,203.01,1
train_04749.png,354.38,0
train_04750.png,258.76,1
train_04751.png,318.54,1
train_04752.png,304.24,1
train_04753.png,284.04,1
train_04754.png,96.72,1
train_04755.png,111.02,1
train_04756.png,287.54,0
train_04757.png,165.14,1
train_04758.png,337.87,0
train_04759.png,77.04,1
train_04760.png,174.11,1
train_04761.png,37.44,1
train_04762.png,154.13,1
train_04763.png,336.37,0
train_04764.png,249.94,1
train_04765.png,357.76,1
train_04766.png,264.24,1
train_04767.png,292.71,1
train_04768.png,346.01,0
train_04769.png,351.37,0
train_04770.png,125.74,1
train_04771.png,191.56,1
train_04772.png,75.15,1
train_04773.png,141.57,1
train_04774.png,351.95,1
train_04775.png,278.31,1
train_04776.png,35.66,1
train_04777.png,174.78,1
train_04778.png,5.74,1
train_04779.png,124.0,1
train_04780.png,328.89,0
train_04781.png,290.04,0
train_04782.png,138.8,1
train_04783.png,268.53,1
train_04784.png,305.65,1
train_04785.png,39.05,1
train_04786.png,132.39,0
train_04787.png,39.08,1
train_04788.png,335.77,1
train_04789.png,336.27,1
train_04790.png,265.82,1
train_04791.png,232.39,1
train_04792.png,217.2,1
train_04793.png,220.89,1
train_04794.png,309.64,0
train_04795.png,98.85,1
train_04796.png,298.67,0
train_04797.png,168.98,1
train_04798.png,299.79,1
train_04799.png,156.42,1
train_04800.png,349.17,0
train_04801.png,313.96,0
train_04802.png,108.44,0
train_04803.png,351.81,1
train_04804.png,281.29,0
train_04805.png,335.78,0
train_04806.png,290.13,0
train_04807.png,342.51,0
train_04808.png,321.67,0
train_04809.png,336.2,1
train_04810.png,331.31,1
train_04811.png,312.07,0
train_04812.png,296.19,0
train_04813.png,5.55,1
train_04814.png,154.59,1
train_04815.png,311.17,0
train_04816.png,302.4,0
train_04817.png,94.29,1
train_04818.png,336.1,1
train_04819.png,46.92,1
train_04820.png,223.08,1
train_04821.png,357.17,0
train_04822.png,349.44,0
train_04823.png,210.18,1
train_04824.png,321.41,1
train_04825.png,100.05,1
train_04826.png,323.1,1
train_04827.png,31.78,1
train_04828.png,313.71,0
train_04829.png,102.88,0
train_04830.png,63.31,1
train_04831.png,83.57,1
train_04832.png,20.17,1
train_04833.png,236.14,1
train_04834.png,188.52,1
train_04835.png,155.39,1
train_04836.png,36.7,1
train_04837.png,59.31,1
train_04838.png,51.93,1
train_04839.png,334.86,0
train_04840.png,341.43,0
train_04841.png,225.94,1
train_04842.png,318.05,0
train_04843.png,333.57,0
train_04844.png,226.19,1
train_04845.png,186.85,0
train_04846.png,280.63,0
train_04847.png,212.64,1
train_04848.png,114.32,0
train_04849.png,336.03,0
train_04850.png,91.25,1
train_04851.png,355.28,0
train_04852.png,61.72,1
train_04853.png,213.16,1
train_04854.png,277.35,0
train_04855.png,235.55,1
train_04856.png,327.89,1
train_04857.png,94.48,1
train_04858.png,335.04,0
train_04859.png,232.23,1
train_04860.png,257.04,1
train_04861.png,344.91,0
train_04862.png,298.25,0
train_04863.png,12.62,1
train_04864.png,337.79,0
train_04865.png,245.35,1
train_04866.png,270.78,1
train_04867.png,309.78,1
train_04868.png,288.95,0
train_04869.png,305.35,0
train_04870.png,322.83,0
train_04871.png,170.47,1
train_04872.png,294.47,0
train_04873.png,75.89,0
train_04874.png,320.51,1
train_04875.png,285.82,0
train_04876.png,212.85,1
train_04877.png,118.49,1
train_04878.png,248.0,0
train_04879.png,294.27,0
train_04880.png,89.78,1
train_04881.png,78.58,1
train_04882.png,290.58,1
train_04883.png,162.14,1
train_04884.png,301.32,0
train_04885.png,232.54,1
train_04886.png,290.31,0
train_04887.png,327.57,0
train_04888.png,235.18,1
train_04889.png,93.89,1
train_04890.png,211.6,1
train_04891.png,134.45,1
train_04892.png,53.26,1
train_04893.png,62.74,1
train_04894.png,27.83,1
train_04895.png,293.33,1
train_04896.png,270.65,1
train_04897.png,41.02,0
train_04898.png,65.24,0
train_04899.png,245.22,1
train_04900.png,296.36,1
train_04901.png,8.04,1
train_04902.png,299.96,1
train_04903.png,25.88,1
train_04904.png,299.37,1
train_04905.png,203.54,1
train_04906.png,177.08,0
train_04907.png,192.48,1
train_04908.png,196.93,1
train_04909.png,350.12,0
train_04910.png,113.23,1
train_04911.png,340.83,0
train_04912.png,130.43,0
train_04913.png,340.82,0
train_04914.png,3.32,1
train_04915.png,341.2,0
train_04916.png,301.65,0
train_04917.png,274.4,0
train_04918.png,42.9,1
train_04919.png,354.23,0
train_04920.png,304.72,0
train_04921.png,318.33,0
train_04922.png,278.88,0
train_04923.png,210.77,1
train_04924.png,296.48,0
train_04925.png,172.9,1
train_04926.png,225.32,0
train_04927.png,118.38,1
train_04928.png,354.48,0
train_04929.png,336.15,0
train_04930.png,75.0,1
train_04931.png,214.61,1
train_04932.png,293.57,0
train_04933.png,38.58,0
train_04934.png,297.91,0
train_04935.png,161.9,1
train_04936.png,98.93,0
train_04937.png,303.46,0
train_04938.png,148.79,1
train_04939.png,244.4,1
train_04940.png,301.82,1
train_04941.png,359.07,0
train_04942.png,126.52,1
train_04943.png,26.48,0
train_04944.png,271.98,1
train_04945.png,57.86,1
train_04946.png,301.86,0
train_04947.png,279.31,1
train_04948.png,310.45,0
train_04949.png,324.72,1
train_04950.png,321.76,0
train_04951.png,63.8,1
train_04952.png,126.27,1
train_04953.png,58.64,0
train_04954.png,317.47,0
train_04955.png,336.96,0
train_04956.png,296.5,0
train_04957.png,339.59,0
train_04958.png,249.05,1
train_04959.png,174.63,0
train_04960.png,297.94,0
train_04961.png,204.83,1
train_04962.png,180.46,0
train_04963.png,137.38,1
train_04964.png,326.33,0
train_04965.png,300.57,0
train_04966.png,357.12,1
train_04967.png,141.88,1
train_04968.png,295.96,0
train_04969.png,352.73,1
train_04970.png,281.99,0
train_04971.png,168.36,1
train_04972.png,98.01,1
train_04973.png,246.93,1
train_04974.png,244.14,1
train_04975.png,269.56,1
train_04976.png,68.54,0
train_04977.png,291.94,0
train_04978.png,120.99,1
train_04979.png,22.34,1
train_04980.png,324.69,0
train_04981.png,9.35,1
train_04982.png,51.4,1
train_04983.png,161.26,1
train_04984.png,208.59,1
train_04985.png,44.95,1
train_04986.png,136.78,1
train_04987.png,92.83,1
train_04988.png,161.1,1
train_04989.png,276.34,1
train_04990.png,154.21,1
train_04991.png,130.47,1
train_04992.png,241.48,0
train_04993.png,284.64,1
train_04994.png,145.04,1
train_04995.png,314.64,1
train_04996.png,296.13,1
train_04997.png,28.73,1
train_04998.png,284.05,0
train_04999.png,283.58,1
train_05000.png,107.04,1
train_05001.png,235.5,1
train_05002.png,284.16,1
train_05003.png,89.98,0
train_05004.png,192.06,1
train_05005.png,283.89,1
train_05006.png,324.78,1
train_05007.png,56.13,1
train_05008.png,322.11,0
train_05009.png,245.15,1
train_05010.png,334.52,0
train_05011.png,56.59,1
train_05012.png,315.26,0
train_05013.png,299.5,0
train_05014.png,151.08,1
train_05015.png,238.2,1
train_05016.png,359.39,1
train_05017.png,78.36,1
train_05018.png,345.32,0
train_05019.png,30.73,1
train_05020.png,76.45,1
train_05021.png,308.34,0
train_05022.png,358.61,1
train_05023.png,290.96,0
train_05024.png,313.66,0
train_05025.png,193.92,1
train_05026.png,291.34,1
train_05027.png,350.71,0
train_05028.png,273.95,1
train_05029.png,333.43,0
train_05030.png,266.59,1
train_05031.png,295.31,0
train_05032.png,14.46,1
train_05033.png,228.16,1
train_05034.png,305.3,0
train_05035.png,232.38,1
train_05036.png,139.82,1
train_05037.png,308.88,1
train_05038.png,243.73,1
train_05039.png,332.19,0
train_05040.png,32.11,1
train_05041.png,187.14,1
train_05042.png,339.23,0
train_05043.png,174.82,1
train_05044.png,201.38,1
train_05045.png,173.29,1
train_05046.png,222.9,0
train_05047.png,257.71,1
train_05048.png,313.99,0
train_05049.png,346.11,0
train_05050.png,122.3,1
train_05051.png,106.95,1
train_05052.png,92.55,1
train_05053.png,50.5,1
train_05054.png,356.05,1
train_05055.png,241.27,1
train_05056.png,289.83,0
train_05057.png,348.8,0
train_05058.png,67.21,1
train_05059.png,208.42,1
train_05060.png,31.33,1
train_05061.png,343.01,0
train_05062.png,14.13,1
train_05063.png,356.67,1
train_05064.png,63.51,1
train_05065.png,341.56,0
train_05066.png,267.95,1
train_05067.png,110.55,1
train_05068.png,199.22,1
train_05069.png,106.57,1
train_05070.png,55.43,1
train_05071.png,225.59,1
train_05072.png,315.56,0
train_05073.png,348.96,1
train_05074.png,316.51,0
train_05075.png,128.22,1
train_05076.png,300.45,0
train_05077.png,280.04,0
train_05078.png,302.59,1
train_05079.png,7.29,1
train_05080.png,268.91,1
train_05081.png,154.13,1
train_05082.png,187.66,1
train_05083.png,313.55,0
train_05084.png,337.02,0
train_05085.png,81.68,1
train_05086.png,213.0,1
train_05087.png,189.91,1
train_05088.png,99.68,1
train_05089.png,25.79,1
train_05090.png,349.59,1
train_05091.png,333.99,0
train_05092.png,296.06,0
train_05093.png,237.79,1
train_05094.png,270.68,1
train_05095.png,63.8,1
train_05096.png,3.96,0
train_05097.png,269.2,1
train_05098.png,117.98,1
train_05099.png,324.44,1
train_05100.png,286.13,0
train_05101.png,90.49,1
train_05102.png,216.53,1
train_05103.png,215.89,1
train_05104.png,101.67,1
train_05105.png,319.91,1
train_05106.png,72.0,1
train_05107.png,183.09,1
train_05108.png,308.19,1
train_05109.png,172.33,1
train_05110.png,64.45,0
train_05111.png,82.44,1
train_05112.png,253.77,0
train_05113.png,24.48,1
train_05114.png,56.04,1
train_05115.png,212.12,1
train_05116.png,324.35,0
train_05117.png,293.74,0
train_05118.png,61.1,1
train_05119.png,88.98,1
train_05120.png,285.69,1
train_05121.png,121.49,1
train_05122.png,334.45,0
train_05123.png,282.91,1
train_05124.png,315.89,0
train_05125.png,90.99,1
train_05126.png,152.53,1
train_05127.png,278.87,0
train_05128.png,90.29,1
train_05129.png,33.57,1
train_05130.png,293.4,1
train_05131.png,104.63,1
train_05132.png,317.12,0
train_05133.png,345.55,0
train_05134.png,127.7,1
train_05135.png,75.39,1
train_05136.png,339.7,0
train_05137.png,303.32,0
train_05138.png,292.98,0
train_05139.png,331.97,1
train_05140.png,317.57,1
train_05141.png,252.07,1
train_05142.png,340.79,1
train_05143.png,326.73,1
train_05144.png,15.49,1
train_05145.png,316.61,0
train_05146.png,344.24,0
train_05147.png,341.6,0
train_05148.png,346.14,0
train_05149.png,298.41,0
train_05150.png,145.34,1
train_05151.png,331.27,0
train_05152.png,284.87,0
train_05153.png,111.36,1
train_05154.png,245.73,1
train_05155.png,277.12,0
train_05156.png,229.43,1
train_05157.png,37.1,1
train_05158.png,292.75,0
train_05159.png,225.87,1
train_05160.png,341.3,0
train_05161.png,327.97,0
train_05162.png,316.58,0
train_05163.png,157.06,1
train_05164.png,102.7,1
train_05165.png,271.37,0
train_05166.png,182.54,0
train_05167.png,249.33,1
train_05168.png,82.82,1
train_05169.png,87.27,1
train_05170.png,307.81,0
train_05171.png,205.97,1
train_05172.png,180.18,1
train_05173.png,54.02,0
train_05174.png,211.71,1
train_05175.png,161.76,1
train_05176.png,358.56,0
train_05177.png,303.13,0
train_05178.png,235.38,1
train_05179.png,283.01,1
train_05180.png,277.85,1
train_05181.png,356.35,1
train_05182.png,153.9,1
train_05183.png,156.7,1
train_05184.png,346.12,1
train_05185.png,163.97,0
train_05186.png,348.5,0
train_05187.png,307.36,0
train_05188.png,67.0,0
train_05189.png,146.98,1
train_05190.png,326.01,0
train_05191.png,195.59,1
train_05192.png,356.09,0
train_05193.png,196.41,1
train_05194.png,191.49,1
train_05195.png,146.64,1
train_05196.png,308.88,1
train_05197.png,118.26,1
train_05198.png,343.52,1
train_05199.png,23.32,1
train_05200.png,6.69,1
train_05201.png,64.75,1
train_05202.png,215.37,1
train_05203.png,153.19,1
train_05204.png,339.96,1
train_05205.png,241.44,1
train_05206.png,142.39,1
train_05207.png,175.71,1
train_05208.png,351.51,1
train_05209.png,356.39,0
train_05210.png,328.08,0
train_05211.png,217.62,0
train_05212.png,17.73,1
train_05213.png,272.63,0
train_05214.png,0.2,1
train_05215.png,63.58,1
train_05216.png,350.09,0
train_05217.png,97.52,1
train_05218.png,228.62,1
train_05219.png,340.55,0
train_05220.png,352.27,0
train_05221.png,310.09,0
train_05222.png,244.7,1
train_05223.png,25.18,1
train_05224.png,339.85,0
train_05225.png,326.96,0
train_05226.png,60.16,1
train_05227.png,136.19,0
train_05228.png,290.92,1
train_05229.png,340.09,0
train_05230.png,68.78,1
train_05231.png,328.08,0
train_05232.png,312.71,1
train_05233.png,122.0,1
train_05234.png,23.98,1
train_05235.png,116.82,0
train_05236.png,337.89,0
train_05237.png,75.51,1
train_05238.png,333.39,1
train_05239.png,203.0,1
train_05240.png,277.48,1
train_05241.png,293.09,0
train_05242.png,154.52,1
train_05243.png,244.22,1
train_05244.png,195.48,1
train_05245.png,100.8,1
train_05246.png,248.85,1
train_05247.png,346.82,1
train_05248.png,298.71,0
train_05249.png,234.76,1
train_05250.png,19.97,1
train_05251.png,154.02,1
train_05252.png,300.69,1
train_05253.png,4.16,1
train_05254.png,144.25,1
train_05255.png,174.31,0
train_05256.png,194.91,1
train_05257.png,279.41,1
train_05258.png,130.82,1
train_05259.png,216.95,1
train_05260.png,184.12,1
train_05261.png,309.96,0
train_05262.png,323.86,0
train_05263.png,159.41,0
train_05264.png,222.52,0
train_05265.png,119.12,1
train_05266.png,106.59,1
train_05267.png,275.12,1
train_05268.png,309.91,1
train_05269.png,292.24,0
train_05270.png,68.69,1
train_05271.png,5.03,1
train_05272.png,351.22,1
train_05273.png,85.33,1
train_05274.png,125.76,1
train_05275.png,307.18,0
train_05276.png,70.65,0
train_05277.png,348.18,1
train_05278.png,351.82,0
train_05279.png,263.66,0
train_05280.png,262.66,0
train_05281.png,197.19,1
train_05282.png,30.14,1
train_05283.png,176.98,1
train_05284.png,11.2,1
train_05285.png,28.81,1
train_05286.png,212.76,1
train_05287.png,156.02,1
train_05288.png,19.22,1
train_05289.png,297.19,0
train_05290.png,202.09,0
train_05291.png,178.5,1
train_05292.png,341.99,1
train_05293.png,232.26,0
train_05294.png,107.54,0
train_05295.png,195.15,1
train_05296.png,162.26,1
train_05297.png,196.38,1
train_05298.png,324.87,0
train_05299.png,167.02,1
train_05300.png,303.71,1
train_05301.png,306.22,1
train_05302.png,130.43,1
train_05303.png,295.06,0
train_05304.png,207.53,1
train_05305.png,192.98,1
train_05306.png,53.87,1
train_05307.png,142.15,1
train_05308.png,276.9,0
train_05309.png,201.84,0
train_05310.png,335.92,0
train_05311.png,303.16,0
train_05312.png,342.14,1
train_05313.png,156.74,1
train_05314.png,284.37,1
train_05315.png,189.83,1
train_05316.png,165.92,1
train_05317.png,163.87,1
train_05318.png,290.19,0
train_05319.png,217.18,1
train_05320.png,329.65,1
train_05321.png,87.86,1
train_05322.png,322.14,0
train_05323.png,203.93,1
train_05324.png,215.94,1
train_05325.png,335.79,0
train_05326.png,298.05,0
train_05327.png,259.52,0
train_05328.png,179.33,1
train_05329.png,342.74,0
train_05330.png,331.47,0
train_05331.png,358.18,1
train_05332.png,351.21,1
train_05333.png,18.84,0
train_05334.png,165.62,1
train_05335.png,260.03,1
train_05336.png,302.0,0
train_05337.png,221.83,1
train_05338.png,331.03,0
train_05339.png,187.23,1
train_05340.png,321.31,0
train_05341.png,291.76,0
train_05342.png,259.8,1
train_05343.png,330.57,0
train_05344.png,237.57,1
train_05345.png,253.09,1
train_05346.png,236.21,1
train_05347.png,61.03,1
train_05348.png,36.05,1
train_05349.png,272.38,1
train_05350.png,86.51,1
train_05351.png,6.32,1
train_05352.png,336.68,1
train_05353.png,292.43,0
train_05354.png,5.58,1
train_05355.png,225.45,0
train_05356.png,279.08,0
train_05357.png,11.22,0
train_05358.png,164.53,1
train_05359.png,337.41,1
train_05360.png,206.62,1
train_05361.png,322.25,1
train_05362.png,269.42,1
train_05363.png,305.12,1
train_05364.png,350.5,1
train_05365.png,309.43,1
train_05366.png,248.45,1
train_05367.png,61.08,1
train_05368.png,338.75,0
train_05369.png,278.96,0
train_05370.png,358.36,0
train_05371.png,275.42,1
train_05372.png,277.53,0
train_05373.png,184.35,1
train_05374.png,314.42,0
train_05375.png,329.57,1
train_05376.png,327.21,0
train_05377.png,45.9,0
train_05378.png,356.08,1
train_05379.png,169.38,1
train_05380.png,193.43,1
train_05381.png,346.14,0
train_05382.png,342.3,1
train_05383.png,348.79,1
train_05384.png,253.74,1
train_05385.png,325.94,0
train_05386.png,189.73,0
train_05387.png,145.07,1
train_05388.png,225.94,1
train_05389.png,345.6,0
train_05390.png,166.62,1
train_05391.png,192.83,1
train_05392.png,347.62,0
train_05393.png,146.74,1
train_05394.png,206.61,1
train_05395.png,82.14,1
train_05396.png,349.24,0
train_05397.png,14.45,1
train_05398.png,298.87,1
train_05399.png,172.5,1
train_05400.png,276.2,0
train_05401.png,273.89,1
train_05402.png,129.02,1
train_05403.png,257.08,1
train_05404.png,177.84,1
train_05405.png,289.28,0
train_05406.png,49.86,1
train_05407.png,241.16,1
train_05408.png,208.52,1
train_05409.png,203.83,1
train_05410.png,137.89,1
train_05411.png,322.4,0
train_05412.png,281.08,0
train_05413.png,289.01,0
train_05414.png,39.73,1
train_05415.png,79.74,0
train_05416.png,137.5,0
train_05417.png,58.09,0
train_05418.png,225.95,1
train_05419.png,334.15,0
train_05420.png,194.1,0
train_05421.png,311.53,1
train_05422.png,273.95,1
train_05423.png,111.98,1
train_05424.png,96.21,1
train_05425.png,236.95,1
train_05426.png,291.48,0
train_05427.png,71.13,1
train_05428.png,353.07,0
train_05429.png,310.24,0
train_05430.png,47.36,0
train_05431.png,332.58,1
train_05432.png,129.54,1
train_05433.png,356.63,0
train_05434.png,32.89,1
train_05435.png,220.35,1
train_05436.png,342.27,0
train_05437.png,36.29,1
train_05438.png,181.1,1
train_05439.png,291.84,1
train_05440.png,111.6,1
train_05441.png,321.87,0
train_05442.png,263.96,1
train_05443.png,289.51,0
train_05444.png,59.45,1
train_05445.png,224.55,1
train_05446.png,324.33,0
train_05447.png,65.84,1
train_05448.png,36.39,1
train_05449.png,102.84,1
train_05450.png,239.95,1
train_05451.png,127.14,1
train_05452.png,29.39,0
train_05453.png,358.79,0
train_05454.png,202.92,1
train_05455.png,350.28,0
train_05456.png,323.51,0
train_05457.png,352.6,1
train_05458.png,167.19,1
train_05459.png,83.57,1
train_05460.png,332.14,0
train_05461.png,332.89,0
train_05462.png,67.08,1
train_05463.png,92.83,1
train_05464.png,277.79,0
train_05465.png,330.62,0
train_05466.png,251.71,1
train_05467.png,302.87,1
train_05468.png,241.13,1
train_05469.png,354.57,0
train_05470.png,164.34,1
train_05471.png,299.13,1
train_05472.png,306.34,1
train_05473.png,125.81,1
train_05474.png,76.63,1
train_05475.png,160.84,1
train_05476.png,127.61,1
train_05477.png,339.24,1
train_05478.png,277.26,0
train_05479.png,123.46,1
train_05480.png,166.27,1
train_05481.png,270.43,1
train_05482.png,323.36,1
train_05483.png,174.49,0
train_05484.png,106.4,1
train_05485.png,270.28,0
train_05486.png,329.29,1
train_05487.png,220.08,1
train_05488.png,280.56,1
train_05489.png,40.91,1
train_05490.png,229.07,1
train_05491.png,144.21,1
train_05492.png,290.69,0
train_05493.png,50.11,1
train_05494.png,225.14,1
train_05495.png,299.3,1
train_05496.png,147.88,1
train_05497.png,221.06,1
train_05498.png,78.01,1
train_05499.png,30.06,0
train_05500.png,52.87,1
train_05501.png,264.19,1
train_05502.png,328.45,0
train_05503.png,197.51,1
train_05504.png,337.14,0
train_05505.png,127.35,1
train_05506.png,148.87,1
train_05507.png,303.8,0
train_05508.png,334.26,0
train_05509.png,336.77,0
train_05510.png,345.57,0
train_05511.png,105.25,1
train_05512.png,263.19,1
train_05513.png,316.95,0
train_05514.png,189.72,0
train_05515.png,323.2,1
train_05516.png,273.67,1
train_05517.png,51.76,1
train_05518.png,206.19,1
train_05519.png,265.92,1
train_05520.png,211.93,1
train_05521.png,132.61,1
train_05522.png,142.43,1
train_05523.png,342.31,0
train_05524.png,77.08,1
train_05525.png,66.15,1
train_05526.png,210.64,1
train_05527.png,91.26,1
train_05528.png,249.71,1
train_05529.png,277.11,0
train_05530.png,294.11,0
train_05531.png,192.8,0
train_05532.png,279.31,0
train_05533.png,125.81,1
train_05534.png,327.31,0
train_05535.png,324.42,0
train_05536.png,295.65,0
train_05537.png,266.8,1
train_05538.png,186.8,1
train_05539.png,157.8,1
train_05540.png,183.09,0
train_05541.png,108.34,1
train_05542.png,315.58,0
train_05543.png,63.76,1
train_05544.png,359.77,0
train_05545.png,350.55,0
train_05546.png,351.22,0
train_05547.png,329.5,0
train_05548.png,49.37,0
train_05549.png,297.01,1
train_05550.png,329.36,0
train_05551.png,0.48,1
train_05552.png,272.43,0
train_05553.png,287.03,0
train_05554.png,259.44,1
train_05555.png,290.98,0
train_05556.png,297.26,0
train_05557.png,133.75,1
train_05558.png,333.1,0
train_05559.png,354.55,0
train_05560.png,12.59,1
train_05561.png,287.21,0
train_05562.png,348.55,0
train_05563.png,131.76,1
train_05564.png,50.02,1
train_05565.png,272.36,1
train_05566.png,290.13,0
train_05567.png,300.36,0
train_05568.png,53.27,0
train_05569.png,353.77,0
train_05570.png,288.92,1
train_05571.png,181.16,1
train_05572.png,80.11,1
train_05573.png,298.34,0
train_05574.png,111.52,0
train_05575.png,271.9,0
train_05576.png,304.28,0
train_05577.png,142.06,1
train_05578.png,328.06,1
train_05579.png,291.06,1
train_05580.png,14.03,1
train_05581.png,180.25,1
train_05582.png,53.73,1
train_05583.png,258.57,1
train_05584.png,225.54,1
train_05585.png,205.81,1
train_05586.png,305.68,0
train_05587.png,229.16,1
train_05588.png,65.15,1
train_05589.png,279.52,0
train_05590.png,274.9,0
train_05591.png,288.69,0
train_05592.png,209.2,1
train_05593.png,168.69,1
train_05594.png,14.2,1
train_05595.png,106.95,1
train_05596.png,70.5,1
train_05597.png,295.65,0
train_05598.png,316.44,1
train_05599.png,289.28,1
train_05600.png,20.5,1
train_05601.png,359.57,0
train_05602.png,106.06,1
train_05603.png,145.35,1
train_05604.png,296.28,0
train_05605.png,93.57,0
train_05606.png,98.46,1
train_05607.png,311.02,1
train_05608.png,166.86,1
train_05609.png,348.67,0
train_05610.png,289.53,0
train_05611.png,314.96,1
train_05612.png,17.18,1
train_05613.png,319.47,0
train_05614.png,72.61,1
train_05615.png,186.07,1
train_05616.png,306.21,0
train_05617.png,105.06,1
train_05618.png,105.09,1
train_05619.png,22.58,1
train_05620.png,206.8,1
train_05621.png,203.63,1
train_05622.png,297.83,0
train_05623.png,15.95,1
train_05624.png,82.83,1
train_05625.png,307.05,1
train_05626.png,327.24,0
train_05627.png,89.53,1
train_05628.png,335.95,0
train_05629.png,181.49,1
train_05630.png,46.11,1
train_05631.png,203.69,1
train_05632.png,298.32,0
train_05633.png,185.11,1
train_05634.png,342.65,0
train_05635.png,334.08,1
train_05636.png,247.67,1
train_05637.png,325.0,1
train_05638.png,294.96,1
train_05639.png,301.74,0
train_05640.png,274.47,1
train_05641.png,356.44,0
train_05642.png,342.54,0
train_05643.png,40.26,1
train_05644.png,280.67,1
train_05645.png,123.64,1
train_05646.png,254.49,1
train_05647.png,332.38,0
train_05648.png,296.27,0
train_05649.png,208.28,1
train_05650.png,272.8,0
train_05651.png,335.07,0
train_05652.png,278.71,1
train_05653.png,329.01,1
train_05654.png,332.78,0
train_05655.png,321.8,0
train_05656.png,177.86,1
train_05657.png,328.04,1
train_05658.png,84.57,1
train_05659.png,287.56,0
train_05660.png,221.68,1
train_05661.png,161.77,1
train_05662.png,93.24,1
train_05663.png,328.97,0
train_05664.png,297.45,1
train_05665.png,316.77,0
train_05666.png,290.61,0
train_05667.png,299.7,1
train_05668.png,290.03,0
train_05669.png,281.94,0
train_05670.png,353.62,1
train_05671.png,267.69,0
train_05672.png,156.59,1
train_05673.png,0.12,1
train_05674.png,286.9,0
train_05675.png,209.72,1
train_05676.png,173.32,1
train_05677.png,289.25,0
train_05678.png,86.31,1
train_05679.png,152.76,1
train_05680.png,325.42,0
train_05681.png,70.55,1
train_05682.png,60.34,1
train_05683.png,78.29,1
train_05684.png,193.77,1
train_05685.png,270.31,0
train_05686.png,223.3,1
train_05687.png,294.15,1
train_05688.png,209.06,1
train_05689.png,329.47,1
train_05690.png,335.95,0
train_05691.png,91.67,1
train_05692.png,301.72,0
train_05693.png,137.0,1
train_05694.png,37.09,1
train_05695.png,276.39,1
train_05696.png,289.23,1
train_05697.png,297.35,0
train_05698.png,320.16,1
train_05699.png,343.12,0
train_05700.png,319.02,0
train_05701.png,167.52,0
train_05702.png,323.85,0
train_05703.png,52.16,1
train_05704.png,103.1,1
train_05705.png,305.99,0
train_05706.png,119.51,1
train_05707.png,275.95,0
train_05708.png,150.39,1
train_05709.png,77.43,1
train_05710.png,340.0,0
train_05711.png,320.08,0
train_05712.png,299.84,0
train_05713.png,294.28,0
train_05714.png,24.7,1
train_05715.png,57.99,1
train_05716.png,310.38,0
train_05717.png,314.49,0
train_05718.png,351.82,0
train_05719.png,341.25,1
train_05720.png,184.12,1
train_05721.png,348.88,0
train_05722.png,259.09,1
train_05723.png,357.41,0
train_05724.png,302.84,1
train_05725.png,30.74,1
train_05726.png,278.22,0
train_05727.png,296.11,0
train_05728.png,339.94,0
train_05729.png,302.11,0
train_05730.png,126.26,1
train_05731.png,280.27,1
train_05732.png,304.21,0
train_05733.png,6.92,1
train_05734.png,85.72,0
train_05735.png,346.86,0
train_05736.png,274.82,1
train_05737.png,356.82,0
train_05738.png,69.01,1
train_05739.png,153.69,0
train_05740.png,215.17,1
train_05741.png,136.33,1
train_05742.png,294.79,0
train_05743.png,329.86,1
train_05744.png,322.17,1
train_05745.png,180.32,0
train_05746.png,329.58,0
train_05747.png,87.23,1
train_05748.png,307.08,1
train_05749.png,353.69,0
train_05750.png,346.48,0
train_05751.png,182.3,1
train_05752.png,176.23,1
train_05753.png,150.93,1
train_05754.png,304.63,0
train_05755.png,259.89,1
train_05756.png,130.62,1
train_05757.png,290.16,0
train_05758.png,320.7,0
train_05759.png,300.51,1
train_05760.png,333.44,1
train_05761.png,54.29,1
train_05762.png,335.38,1
train_05763.png,357.1,1
train_05764.png,284.02,0
train_05765.png,323.48,0
train_05766.png,256.29,1
train_05767.png,163.14,1
train_05768.png,291.71,1
train_05769.png,5.44,1
train_05770.png,275.04,1
train_05771.png,288.92,0
train_05772.png,301.12,0
train_05773.png,31.44,1
train_05774.png,35.13,1
train_05775.png,245.68,1
train_05776.png,143.27,1
train_05777.png,313.25,1
train_05778.png,348.13,0
train_05779.png,303.53,0
train_05780.png,341.01,0
train_05781.png,74.52,1
train_05782.png,162.48,1
train_05783.png,66.08,1
train_05784.png,359.43,0
train_05785.png,23.18,1
train_05786.png,286.13,0
train_05787.png,151.08,1
train_05788.png,262.45,1
train_05789.png,172.67,1
train_05790.png,67.8,1
train_05791.png,298.88,0
train_05792.png,41.29,1
train_05793.png,256.54,1
train_05794.png,251.78,1
train_05795.png,311.43,0
train_05796.png,291.17,0
train_05797.png,283.46,0
train_05798.png,189.88,1
train_05799.png,44.02,1
train_05800.png,265.1,1
train_05801.png,114.15,1
train_05802.png,294.11,1
train_05803.png,273.03,0
train_05804.png,195.01,1
train_05805.png,143.37,1
train_05806.png,254.57,1
train_05807.png,332.13,0
train_05808.png,346.19,0
train_05809.png,320.51,0
train_05810.png,98.42,1
train_05811.png,290.41,0
train_05812.png,271.43,0
train_05813.png,23.01,1
train_05814.png,27.1,1
train_05815.png,333.57,0
train_05816.png,27.4,1
train_05817.png,109.6,1
train_05818.png,167.35,1
train_05819.png,242.65,1
train_05820.png,61.31,1
train_05821.png,334.16,1
train_05822.png,314.66,1
train_05823.png,25.39,1
train_05824.png,131.11,1
train_05825.png,304.42,0
train_05826.png,245.87,1
train_05827.png,77.45,1
train_05828.png,140.63,1
train_05829.png,142.76,1
train_05830.png,147.59,1
train_05831.png,141.54,1
train_05832.png,283.3,1
train_05833.png,71.2,1
train_05834.png,352.08,1
train_05835.png,166.77,1
train_05836.png,290.7,1
train_05837.png,61.91,1
train_05838.png,303.63,0
train_05839.png,117.92,1
train_05840.png,220.61,0
train_05841.png,278.01,0
train_05842.png,32.35,1
train_05843.png,96.96,1
train_05844.png,275.82,0
train_05845.png,100.54,1
train_05846.png,166.99,1
train_05847.png,279.65,0
train_05848.png,50.68,1
train_05849.png,62.19,1
train_05850.png,268.23,1
train_05851.png,262.06,0
train_05852.png,140.7,1
train_05853.png,151.47,1
train_05854.png,73.6,1
train_05855.png,277.23,0
train_05856.png,300.58,0
train_05857.png,294.92,1
train_05858.png,166.44,0
train_05859.png,250.57,0
train_05860.png,112.35,1
train_05861.png,242.47,1
train_05862.png,324.42,0
train_05863.png,85.2,1
train_05864.png,352.48,1
train_05865.png,289.6,0
train_05866.png,317.85,0
train_05867.png,12.63,1
train_05868.png,289.59,0
train_05869.png,296.98,1
train_05870.png,346.42,1
train_05871.png,285.53,0
train_05872.png,43.11,0
train_05873.png,340.1,0
train_05874.png,349.7,0
train_05875.png,313.39,0
train_05876.png,32.29,1
train_05877.png,298.35,0
train_05878.png,129.21,1
train_05879.png,207.75,1
train_05880.png,322.1,1
train_05881.png,309.15,0
train_05882.png,46.47,1
train_05883.png,323.21,0
train_05884.png,323.97,0
train_05885.png,33.72,0
train_05886.png,358.9,0
train_05887.png,285.91,0
train_05888.png,7.38,1
train_05889.png,39.39,1
train_05890.png,327.18,0
train_05891.png,42.13,1
train_05892.png,29.64,1
train_05893.png,13.41,1
train_05894.png,31.82,0
train_05895.png,197.99,1
train_05896.png,310.44,0
train_05897.png,11.07,1
train_05898.png,306.85,1
train_05899.png,57.47,1
train_05900.png,10.27,1
train_05901.png,297.67,0
train_05902.png,176.86,1
train_05903.png,285.72,1
train_05904.png,351.37,0
train_05905.png,269.15,1
train_05906.png,347.98,1
train_05907.png,19.2,1
train_05908.png,277.19,0
train_05909.png,301.0,0
train_05910.png,309.03,0
train_05911.png,341.99,0
train_05912.png,330.03,0
train_05913.png,40.07,1
train_05914.png,38.38,0
train_05915.png,302.73,0
train_05916.png,152.59,1
train_05917.png,219.49,1
train_05918.png,281.34,1
train_05919.png,292.06,1
train_05920.png,198.47,0
train_05921.png,244.28,1
train_05922.png,272.27,1
train_05923.png,184.53,1
train_05924.png,241.42,1
train_05925.png,289.11,0
train_05926.png,189.64,1
train_05927.png,128.15,0
train_05928.png,101.07,1
train_05929.png,136.77,1
train_05930.png,185.13,1
train_05931.png,180.27,1
train_05932.png,303.19,0
train_05933.png,43.62,0
train_05934.png,196.32,1
train_05935.png,310.89,0
train_05936.png,314.47,0
train_05937.png,252.17,1
train_05938.png,120.67,0
train_05939.png,321.3,1
train_05940.png,316.07,0
train_05941.png,119.41,1
train_05942.png,25.13,1
train_05943.png,245.41,1
train_05944.png,240.21,1
train_05945.png,323.77,1
train_05946.png,336.12,0
train_05947.png,283.03,1
train_05948.png,309.01,1
train_05949.png,304.53,0
train_05950.png,180.13,0
train_05951.png,290.77,0
train_05952.png,98.11,1
train_05953.png,252.97,1
train_05954.png,103.46,1
train_05955.png,117.14,1
train_05956.png,201.07,1
train_05957.png,270.29,1
train_05958.png,320.29,0
train_05959.png,135.7,1
train_05960.png,270.42,0
train_05961.png,308.72,1
train_05962.png,280.27,0
train_05963.png,13.65,1
train_05964.png,300.11,0
train_05965.png,38.29,1
train_05966.png,286.36,1
train_05967.png,238.94,1
train_05968.png,240.12,1
train_05969.png,153.83,1
train_05970.png,271.74,0
train_05971.png,349.94,0
train_05972.png,105.62,1
train_05973.png,357.96,0
train_05974.png,278.2,0
train_05975.png,205.0,1
train_05976.png,231.75,1
train_05977.png,77.84,1
train_05978.png,354.95,1
train_05979.png,298.51,0
train_05980.png,40.85,1
train_05981.png,330.25,1
train_05982.png,325.23,0
train_05983.png,131.89,0
train_05984.png,212.79,1
train_05985.png,300.69,0
train_05986.png,326.59,0
train_05987.png,123.15,1
train_05988.png,271.82,0
train_05989.png,340.44,0
train_05990.png,277.21,1
train_05991.png,85.35,1
train_05992.png,25.82,1
train_05993.png,309.29,0
train_05994.png,283.78,0
train_05995.png,75.83,1
train_05996.png,301.8,1
train_05997.png,245.52,1
train_05998.png,353.23,0
train_05999.png,304.76,0
train_06000.png,350.3,0
train_06001.png,75.71,0
train_06002.png,146.65,0
train_06003.png,309.53,0
train_06004.png,296.16,0
train_06005.png,255.66,1
train_06006.png,352.81,0
train_06007.png,349.55,1
train_06008.png,42.45,1
train_06009.png,219.66,1
train_06010.png,165.64,0
train_06011.png,335.85,0
train_06012.png,272.97,0
train_06013.png,284.26,0
train_06014.png,225.24,1
train_06015.png,356.11,1
train_06016.png,69.13,0
train_06017.png,89.0,0
train_06018.png,313.19,0
train_06019.png,178.64,1
train_06020.png,302.92,0
train_06021.png,329.57,1
train_06022.png,35.47,1
train_06023.png,342.09,0
train_06024.png,99.8,1
train_06025.png,351.31,0
train_06026.png,107.49,1
train_06027.png,77.06,1
train_06028.png,291.01,1
train_06029.png,323.5,1
train_06030.png,311.91,0
train_06031.png,137.34,1
train_06032.png,357.94,0
train_06033.png,219.06,1
train_06034.png,48.68,1
train_06035.png,285.89,0
train_06036.png,323.05,0
train_06037.png,245.78,1
train_06038.png,56.75,1
train_06039.png,30.95,1
train_06040.png,294.99,0
train_06041.png,240.46,1
train_06042.png,228.6,1
train_06043.png,341.61,0
train_06044.png,288.79,0
train_06045.png,130.73,1
train_06046.png,227.78,0
train_06047.png,340.53,0
train_06048.png,281.33,0
train_06049.png,142.39,1
train_06050.png,289.37,0
train_06051.png,347.05,0
train_06052.png,352.04,1
train_06053.png,321.87,0
train_06054.png,165.74,1
train_06055.png,311.2,0
train_06056.png,186.29,1
train_06057.png,68.78,0
train_06058.png,173.41,1
train_06059.png,99.33,1
train_06060.png,209.74,1
train_06061.png,235.74,1
train_06062.png,72.23,1
train_06063.png,28.86,0
train_06064.png,278.81,0
train_06065.png,317.27,0
train_06066.png,298.35,1
train_06067.png,310.88,0
train_06068.png,231.54,1
train_06069.png,91.71,1
train_06070.png,308.5,0
train_06071.png,211.0,1
train_06072.png,32.79,1
train_06073.png,283.72,0
train_06074.png,36.08,1
train_06075.png,160.13,1
train_06076.png,298.54,0
train_06077.png,72.65,1
train_06078.png,53.99,1
train_06079.png,96.93,1
train_06080.png,250.32,1
train_06081.png,11.78,1
train_06082.png,310.39,0
train_06083.png,15.95,1
train_06084.png,201.56,1
train_06085.png,134.03,0
train_06086.png,272.29,0
train_06087.png,233.88,1
train_06088.png,329.25,0
train_06089.png,281.07,0
train_06090.png,71.87,1
train_06091.png,346.6,0
train_06092.png,125.13,1
train_06093.png,68.83,1
train_06094.png,91.17,1
train_06095.png,181.13,0
train_06096.png,317.25,0
train_06097.png,329.28,1
train_06098.png,260.57,1
train_06099.png,233.54,1
train_06100.png,282.84,0
train_06101.png,59.6,1
train_06102.png,171.25,1
train_06103.png,295.16,1
train_06104.png,359.97,1
train_06105.png,278.72,1
train_06106.png,29.39,1
train_06107.png,138.8,0
train_06108.png,278.43,1
train_06109.png,282.12,0
train_06110.png,55.39,1
train_06111.png,309.0,0
train_06112.png,9.01,1
train_06113.png,338.88,0
train_06114.png,3.24,1
train_06115.png,73.88,1
train_06116.png,356.22,0
train_06117.png,130.75,0
train_06118.png,202.85,1
train_06119.png,53.43,1
train_06120.png,232.36,1
train_06121.png,25.36,1
train_06122.png,323.94,0
train_06123.png,291.64,0
train_06124.png,152.49,1
train_06125.png,34.44,1
train_06126.png,353.0,0
train_06127.png,214.83,1
train_06128.png,84.39,1
train_06129.png,272.89,0
train_06130.png,295.99,1
train_06131.png,5.95,1
train_06132.png,357.61,1
train_06133.png,238.61,1
train_06134.png,291.86,0
train_06135.png,166.51,1
train_06136.png,92.56,1
train_06137.png,20.48,1
train_06138.png,113.88,1
train_06139.png,355.81,0
train_06140.png,58.55,1
train_06141.png,194.84,1
train_06142.png,232.03,1
train_06143.png,152.34,1
train_06144.png,215.68,1
train_06145.png,14.02,1
train_06146.png,249.75,1
train_06147.png,233.13,1
train_06148.png,12.57,1
train_06149.png,242.27,0
train_06150.png,357.17,1
train_06151.png,359.61,0
train_06152.png,204.89,1
train_06153.png,17.05,1
train_06154.png,39.46,1
train_06155.png,22.98,1
train_06156.png,310.04,0
train_06157.png,326.61,0
train_06158.png,85.43,1
train_06159.png,277.53,0
train_06160.png,125.79,1
train_06161.png,230.53,1
train_06162.png,354.95,1
train_06163.png,88.28,1
train_06164.png,356.88,0
train_06165.png,190.48,1
train_06166.png,177.76,1
train_06167.png,260.59,1
train_06168.png,174.24,1
train_06169.png,306.19,1
train_06170.png,316.74,0
train_06171.png,321.64,1
train_06172.png,343.41,1
train_06173.png,280.93,0
train_06174.png,320.48,0
train_06175.png,322.5,1
train_06176.png,129.51,1
train_06177.png,188.34,1
train_06178.png,152.11,1
train_06179.png,13.6,1
train_06180.png,188.78,1
train_06181.png,144.69,1
train_06182.png,298.64,0
train_06183.png,315.84,0
train_06184.png,281.52,0
train_06185.png,198.63,1
train_06186.png,131.63,1
train_06187.png,11.47,1
train_06188.png,354.82,0
train_06189.png,278.88,0
train_06190.png,294.47,0
train_06191.png,298.4,0
train_06192.png,316.84,1
train_06193.png,181.16,1
train_06194.png,148.14,1
train_06195.png,313.73,0
train_06196.png,309.98,0
train_06197.png,275.6,0
train_06198.png,40.95,1
train_06199.png,220.4,1
train_06200.png,168.41,1
train_06201.png,252.86,0
train_06202.png,310.35,1
train_06203.png,33.42,1
train_06204.png,293.34,0
train_06205.png,316.2,1
train_06206.png,43.2,1
train_06207.png,344.34,0
train_06208.png,303.97,0
train_06209.png,321.91,0
train_06210.png,334.47,1
train_06211.png,53.39,1
train_06212.png,352.16,0
train_06213.png,34.55,1
train_06214.png,266.24,1
train_06215.png,150.82,1
train_06216.png,220.67,1
train_06217.png,349.31,1
train_06218.png,207.44,1
train_06219.png,156.02,1
train_06220.png,322.04,0
train_06221.png,104.86,1
train_06222.png,159.18,1
train_06223.png,221.89,1
train_06224.png,106.53,1
train_06225.png,357.54,1
train_06226.png,286.5,1
train_06227.png,48.02,1
train_06228.png,309.21,1
train_06229.png,90.54,1
train_06230.png,71.42,1
train_06231.png,343.41,0
train_06232.png,160.14,1
train_06233.png,307.56,0
train_06234.png,307.97,1
train_06235.png,356.16,1
train_06236.png,310.0,0
train_06237.png,139.37,1
train_06238.png,303.5,1
train_06239.png,294.89,1
train_06240.png,278.64,0
train_06241.png,129.15,1
train_06242.png,126.44,1
train_06243.png,328.61,0
train_06244.png,27.09,1
train_06245.png,20.52,1
train_06246.png,54.87,1
train_06247.png,307.06,1
train_06248.png,276.86,0
train_06249.png,115.44,1
train_06250.png,358.13,0
train_06251.png,139.7,1
train_06252.png,315.79,0
train_06253.png,288.49,0
train_06254.png,312.91,1
train_06255.png,156.39,1
train_06256.png,48.79,0
train_06257.png,310.16,1
train_06258.png,275.68,0
train_06259.png,306.43,0
train_06260.png,355.77,0
train_06261.png,178.64,0
train_06262.png,347.68,0
train_06263.png,105.85,1
train_06264.png,353.31,1
train_06265.png,311.3,0
train_06266.png,289.08,0
train_06267.png,129.31,1
train_06268.png,44.58,0
train_06269.png,109.47,1
train_06270.png,35.46,0
train_06271.png,189.23,1
train_06272.png,105.45,1
train_06273.png,192.63,1
train_06274.png,145.04,0
train_06275.png,216.5,1
train_06276.png,167.27,1
train_06277.png,341.44,0
train_06278.png,93.39,0
train_06279.png,37.92,0
train_06280.png,135.01,1
train_06281.png,185.49,1
train_06282.png,282.05,0
train_06283.png,71.13,1
train_06284.png,314.52,1
train_06285.png,215.56,1
train_06286.png,344.81,1
train_06287.png,250.17,1
train_06288.png,114.1,1
train_06289.png,189.88,1
train_06290.png,294.75,0
train_06291.png,123.07,1
train_06292.png,215.78,1
train_06293.png,296.14,0
train_06294.png,248.58,1
train_06295.png,342.58,1
train_06296.png,66.43,1
train_06297.png,131.17,1
train_06298.png,184.82,1
train_06299.png,272.28,1
train_06300.png,76.17,1
train_06301.png,337.39,1
train_06302.png,271.25,0
train_06303.png,326.2,0
train_06304.png,216.98,1
train_06305.png,338.8,0
train_06306.png,7.3,1
train_06307.png,307.66,0
train_06308.png,104.93,1
train_06309.png,316.64,1
train_06310.png,55.31,1
train_06311.png,287.63,1
train_06312.png,355.11,0
train_06313.png,324.03,0
train_06314.png,337.85,1
train_06315.png,261.63,1
train_06316.png,274.22,1
train_06317.png,287.42,0
train_06318.png,311.79,0
train_06319.png,133.85,1
train_06320.png,14.86,1
train_06321.png,289.03,0
train_06322.png,306.75,1
train_06323.png,38.93,1
train_06324.png,72.1,1
train_06325.png,23.96,0
train_06326.png,192.22,1
train_06327.png,316.83,0
train_06328.png,62.85,1
train_06329.png,142.76,1
train_06330.png,93.78,1
train_06331.png,335.62,1
train_06332.png,123.23,1
train_06333.png,116.35,1
train_06334.png,90.97,1
train_06335.png,291.23,0
train_06336.png,333.82,1
train_06337.png,202.83,0
train_06338.png,238.13,1
train_06339.png,245.8,1
train_06340.png,69.16,1
train_06341.png,106.07,1
train_06342.png,107.2,1
train_06343.png,330.55,0
train_06344.png,76.85,1
train_06345.png,308.21,1
train_06346.png,17.66,1
train_06347.png,314.74,1
train_06348.png,274.79,0
train_06349.png,271.37,1
train_06350.png,4.39,1
train_06351.png,164.8,1
train_06352.png,21.82,1
train_06353.png,337.16,0
train_06354.png,299.74,0
train_06355.png,179.28,1
train_06356.png,91.33,1
train_06357.png,178.05,1
train_06358.png,173.69,1
train_06359.png,334.13,1
train_06360.png,76.8,1
train_06361.png,359.48,0
train_06362.png,81.67,1
train_06363.png,230.21,1
train_06364.png,292.47,0
train_06365.png,177.77,1
train_06366.png,269.72,1
train_06367.png,209.13,1
train_06368.png,205.97,1
train_06369.png,327.12,1
train_06370.png,296.57,0
train_06371.png,283.35,1
train_06372.png,299.82,1
train_06373.png,315.99,0
train_06374.png,343.23,1
train_06375.png,329.81,1
train_06376.png,320.3,1
train_06377.png,323.73,0
train_06378.png,209.01,0
train_06379.png,332.36,0
train_06380.png,344.56,1
train_06381.png,292.27,0
train_06382.png,311.78,0
train_06383.png,42.6,1
train_06384.png,273.38,0
train_06385.png,274.45,0
train_06386.png,84.92,1
train_06387.png,284.29,0
train_06388.png,236.38,1
train_06389.png,206.89,1
train_06390.png,279.05,1
train_06391.png,301.76,0
train_06392.png,297.71,1
train_06393.png,293.28,0
train_06394.png,157.09,1
train_06395.png,182.52,1
train_06396.png,319.03,0
train_06397.png,235.65,1
train_06398.png,257.79,1
train_06399.png,117.75,1
train_06400.png,289.79,0
train_06401.png,248.12,1
train_06402.png,14.33,1
train_06403.png,315.34,0
train_06404.png,107.3,0
train_06405.png,96.62,1
train_06406.png,75.02,1
train_06407.png,16.77,1
train_06408.png,226.26,1
train_06409.png,250.37,1
train_06410.png,232.91,1
train_06411.png,62.79,1
train_06412.png,302.1,1
train_06413.png,340.27,1
train_06414.png,189.85,1
train_06415.png,296.38,0
train_06416.png,247.11,1
train_06417.png,219.13,1
train_06418.png,349.73,1
train_06419.png,246.04,1
train_06420.png,343.53,1
train_06421.png,69.24,1
train_06422.png,89.19,1
train_06423.png,212.05,1
train_06424.png,88.13,1
train_06425.png,34.9,1
train_06426.png,27.12,1
train_06427.png,297.24,1
train_06428.png,353.25,0
train_06429.png,186.87,1
train_06430.png,316.93,1
train_06431.png,285.09,0
train_06432.png,60.7,1
train_06433.png,143.58,1
train_06434.png,18.35,1
train_06435.png,23.91,1
train_06436.png,309.39,1
train_06437.png,334.39,0
train_06438.png,290.82,0
train_06439.png,318.27,1
train_06440.png,97.59,0
train_06441.png,292.66,1
train_06442.png,326.16,1
train_06443.png,325.83,1
train_06444.png,9.95,1
train_06445.png,334.8,0
train_06446.png,84.24,1
train_06447.png,137.37,1
train_06448.png,134.39,1
train_06449.png,348.6,0
train_06450.png,331.47,0
train_06451.png,235.42,1
train_06452.png,247.72,1
train_06453.png,119.68,1
train_06454.png,15.33,1
train_06455.png,271.39,0
train_06456.png,194.07,1
train_06457.png,166.96,1
train_06458.png,243.29,1
train_06459.png,186.05,1
train_06460.png,190.5,1
train_06461.png,201.79,1
train_06462.png,161.69,1
train_06463.png,346.17,1
train_06464.png,146.35,1
train_06465.png,282.15,0
train_06466.png,230.74,1
train_06467.png,357.43,1
train_06468.png,338.06,0
train_06469.png,284.07,1
train_06470.png,307.91,1
train_06471.png,232.01,1
train_06472.png,77.2,1
train_06473.png,37.8,1
train_06474.png,154.11,1
train_06475.png,127.07,0
train_06476.png,283.03,0
train_06477.png,273.35,0
train_06478.png,341.52,0
train_06479.png,25.09,1
train_06480.png,102.69,1
train_06481.png,325.48,0
train_06482.png,327.2,1
train_06483.png,31.12,0
train_06484.png,273.96,0
train_06485.png,294.61,0
train_06486.png,335.78,0
train_06487.png,335.34,0
train_06488.png,280.44,1
train_06489.png,149.67,1
train_06490.png,60.7,1
train_06491.png,146.22,1
train_06492.png,102.8,1
train_06493.png,314.42,1
train_06494.png,231.84,1
train_06495.png,116.59,1
train_06496.png,110.69,1
train_06497.png,275.8,0
train_06498.png,348.01,0
train_06499.png,359.22,0
train_06500.png,324.57,1
train_06501.png,225.25,0
train_06502.png,309.48,0
train_06503.png,292.41,1
train_06504.png,37.24,1
train_06505.png,267.41,1
train_06506.png,75.73,0
train_06507.png,35.01,1
train_06508.png,147.36,1
train_06509.png,42.29,1
train_06510.png,130.14,1
train_06511.png,145.88,1
train_06512.png,202.19,1
train_06513.png,29.62,1
train_06514.png,16.13,1
train_06515.png,354.6,1
train_06516.png,216.04,1
train_06517.png,95.8,0
train_06518.png,331.96,1
train_06519.png,219.43,1
train_06520.png,340.66,0
train_06521.png,164.25,1
train_06522.png,43.76,1
train_06523.png,334.49,0
train_06524.png,82.12,0
train_06525.png,304.88,0
train_06526.png,313.89,1
train_06527.png,309.69,0
train_06528.png,310.96,0
train_06529.png,95.51,1
train_06530.png,327.04,0
train_06531.png,7.97,0
train_06532.png,295.41,0
train_06533.png,312.7,0
train_06534.png,294.62,0
train_06535.png,281.94,0
train_06536.png,294.88,0
train_06537.png,322.45,0
train_06538.png,50.41,1
train_06539.png,119.55,1
train_06540.png,262.44,1
train_06541.png,124.63,1
train_06542.png,313.09,0
train_06543.png,92.94,1
train_06544.png,22.48,0
train_06545.png,168.85,1
train_06546.png,32.39,1
train_06547.png,314.72,0
train_06548.png,65.5,1
train_06549.png,296.87,1
train_06550.png,277.97,0
train_06551.png,79.08,1
train_06552.png,72.13,1
train_06553.png,337.02,0
train_06554.png,345.13,1
train_06555.png,55.99,1
train_06556.png,124.55,1
train_06557.png,310.86,0
train_06558.png,278.02,0
train_06559.png,47.74,0
train_06560.png,308.42,0
train_06561.png,309.4,0
train_06562.png,134.51,1
train_06563.png,187.42,1
train_06564.png,258.64,1
train_06565.png,114.02,1
train_06566.png,66.68,1
train_06567.png,222.32,1
train_06568.png,328.94,0
train_06569.png,311.66,0
train_06570.png,322.49,0
train_06571.png,127.7,0
train_06572.png,310.34,0
train_06573.png,291.59,0
train_06574.png,224.13,1
train_06575.png,178.17,1
train_06576.png,128.05,1
train_06577.png,236.33,0
train_06578.png,355.69,0
train_06579.png,257.79,1
train_06580.png,254.14,1
train_06581.png,204.61,1
train_06582.png,339.76,0
train_06583.png,224.51,1
train_06584.png,51.44,1
train_06585.png,46.67,1
train_06586.png,301.8,0
train_06587.png,53.56,1
train_06588.png,306.04,1
train_06589.png,287.21,1
train_06590.png,18.93,1
train_06591.png,94.24,1
train_06592.png,313.78,1
train_06593.png,220.87,1
train_06594.png,222.41,0
train_06595.png,249.13,1
train_06596.png,53.03,0
train_06597.png,2.14,1
train_06598.png,327.87,1
train_06599.png,286.3,0
train_06600.png,290.01,0
train_06601.png,252.54,1
train_06602.png,39.11,1
train_06603.png,220.78,1
train_06604.png,9.47,1
train_06605.png,177.59,1
train_06606.png,275.07,0
train_06607.png,292.63,0
train_06608.png,81.01,1
train_06609.png,170.21,1
train_06610.png,174.88,1
train_06611.png,359.95,1
train_06612.png,156.98,1
train_06613.png,296.91,0
train_06614.png,309.61,1
train_06615.png,221.37,1
train_06616.png,16.11,0
train_06617.png,78.29,1
train_06618.png,340.48,0
train_06619.png,288.51,0
train_06620.png,320.81,0
train_06621.png,278.37,1
train_06622.png,165.67,1
train_06623.png,282.67,0
train_06624.png,296.81,0
train_06625.png,344.92,0
train_06626.png,17.14,1
train_06627.png,354.12,0
train_06628.png,308.29,1
train_06629.png,280.94,0
train_06630.png,272.7,1
train_06631.png,308.6,0
train_06632.png,345.69,1
train_06633.png,335.91,1
train_06634.png,282.66,0
train_06635.png,310.05,1
train_06636.png,280.83,0
train_06637.png,352.77,0
train_06638.png,279.77,0
train_06639.png,39.72,1
train_06640.png,259.73,1
train_06641.png,359.5,1
train_06642.png,6.34,1
train_06643.png,23.04,1
train_06644.png,347.68,1
train_06645.png,94.23,1
train_06646.png,173.99,1
train_06647.png,307.58,0
train_06648.png,342.08,0
train_06649.png,149.35,1
train_06650.png,309.06,0
train_06651.png,149.14,1
train_06652.png,155.36,1
train_06653.png,347.58,1
train_06654.png,198.64,1
train_06655.png,54.71,1
train_06656.png,97.75,1
train_06657.png,120.29,0
train_06658.png,292.19,0
train_06659.png,188.89,1
train_06660.png,114.54,1
train_06661.png,162.44,1
train_06662.png,346.6,1
train_06663.png,120.4,0
train_06664.png,11.06,1
train_06665.png,8.46,1
train_06666.png,337.26,0
train_06667.png,289.84,0
train_06668.png,348.13,1
train_06669.png,317.2,0
train_06670.png,122.25,1
train_06671.png,164.27,1
train_06672.png,294.04,0
train_06673.png,299.98,0
train_06674.png,155.29,1
train_06675.png,307.64,0
train_06676.png,97.33,0
train_06677.png,243.12,1
train_06678.png,334.69,0
train_06679.png,6.67,0
train_06680.png,289.62,0
train_06681.png,204.61,1
train_06682.png,291.43,0
train_06683.png,150.88,1
train_06684.png,225.99,1
train_06685.png,9.01,1
train_06686.png,14.01,0
train_06687.png,155.44,1
train_06688.png,279.41,1
train_06689.png,18.13,0
train_06690.png,345.16,1
train_06691.png,294.98,0
train_06692.png,14.45,1
train_06693.png,298.58,0
train_06694.png,213.09,0
train_06695.png,31.91,1
train_06696.png,304.16,0
train_06697.png,355.09,1
train_06698.png,315.67,1
train_06699.png,221.07,1
train_06700.png,32.85,1
train_06701.png,168.41,0
train_06702.png,274.48,0
train_06703.png,285.67,1
train_06704.png,309.47,0
train_06705.png,117.79,1
train_06706.png,262.36,0
train_06707.png,256.56,1
train_06708.png,196.74,1
train_06709.png,60.79,0
train_06710.png,1.51,1
train_06711.png,69.75,1
train_06712.png,121.85,1
train_06713.png,319.83,0
train_06714.png,342.88,1
train_06715.png,207.13,1
train_06716.png,290.56,0
train_06717.png,352.8,0
train_06718.png,242.18,1
train_06719.png,351.19,0
train_06720.png,304.04,0
train_06721.png,342.51,0
train_06722.png,220.71,1
train_06723.png,173.21,1
train_06724.png,14.78,1
train_06725.png,180.86,1
train_06726.png,203.56,1
train_06727.png,351.31,0
train_06728.png,90.63,1
train_06729.png,322.49,1
train_06730.png,357.13,0
train_06731.png,340.11,0
train_06732.png,336.12,1
train_06733.png,267.28,1
train_06734.png,275.23,0
train_06735.png,321.6,1
train_06736.png,86.52,1
train_06737.png,242.62,1
train_06738.png,319.1,1
train_06739.png,177.48,1
train_06740.png,178.78,1
train_06741.png,243.79,1
train_06742.png,180.54,1
train_06743.png,281.52,1
train_06744.png,222.56,0
train_06745.png,326.13,0
train_06746.png,305.32,0
train_06747.png,345.4,1
train_06748.png,207.43,1
train_06749.png,350.11,1
train_06750.png,164.02,1
train_06751.png,36.41,1
train_06752.png,311.4,0
train_06753.png,224.46,1
train_06754.png,304.75,0
train_06755.png,313.12,1
train_06756.png,305.55,1
train_06757.png,332.08,0
train_06758.png,155.77,1
train_06759.png,333.69,0
train_06760.png,284.66,0
train_06761.png,329.43,0
train_06762.png,77.37,0
train_06763.png,240.87,1
train_06764.png,315.64,0
train_06765.png,231.17,1
train_06766.png,154.71,1
train_06767.png,329.4,0
train_06768.png,332.62,1
train_06769.png,139.98,1
train_06770.png,270.62,1
train_06771.png,278.9,1
train_06772.png,175.5,1
train_06773.png,317.84,1
train_06774.png,339.92,1
train_06775.png,296.54,1
train_06776.png,310.69,1
train_06777.png,311.01,0
train_06778.png,334.75,0
train_06779.png,4.92,1
train_06780.png,289.35,1
train_06781.png,293.84,0
train_06782.png,74.32,1
train_06783.png,337.94,0
train_06784.png,303.52,1
train_06785.png,318.45,0
train_06786.png,337.08,1
train_06787.png,49.4,1
train_06788.png,76.55,0
train_06789.png,345.45,0
train_06790.png,151.3,1
train_06791.png,293.06,1
train_06792.png,266.79,1
train_06793.png,332.45,1
train_06794.png,344.92,1
train_06795.png,266.34,1
train_06796.png,302.72,1
train_06797.png,92.73,1
train_06798.png,352.26,1
train_06799.png,20.46,1
train_06800.png,193.16,1
train_06801.png,54.53,1
train_06802.png,337.06,0
train_06803.png,288.42,0
train_06804.png,265.2,1
train_06805.png,352.79,0
train_06806.png,192.94,1
train_06807.png,275.58,0
train_06808.png,102.76,1
train_06809.png,312.23,0
train_06810.png,337.95,0
train_06811.png,207.69,1
train_06812.png,133.71,1
train_06813.png,308.86,0
train_06814.png,137.21,1
train_06815.png,116.04,1
train_06816.png,270.66,1
train_06817.png,87.06,1
train_06818.png,285.31,0
train_06819.png,237.38,1
train_06820.png,348.63,0
train_06821.png,134.07,1
train_06822.png,26.68,1
train_06823.png,159.51,1
train_06824.png,55.35,1
train_06825.png,251.89,1
train_06826.png,204.0,1
train_06827.png,339.01,1
train_06828.png,99.01,1
train_06829.png,255.26,0
train_06830.png,71.48,1
train_06831.png,148.91,1
train_06832.png,273.04,1
train_06833.png,303.99,1
train_06834.png,267.08,0
train_06835.png,7.55,1
train_06836.png,81.35,1
train_06837.png,49.66,1
train_06838.png,307.63,0
train_06839.png,73.73,1
train_06840.png,270.98,0
train_06841.png,344.8,0
train_06842.png,358.27,1
train_06843.png,193.45,1
train_06844.png,193.45,1
train_06845.png,274.83,1
train_06846.png,61.66,1
train_06847.png,46.87,1
train_06848.png,92.81,1
train_06849.png,299.66,0
train_06850.png,345.93,0
train_06851.png,315.72,1
train_06852.png,123.52,0
train_06853.png,349.17,0
train_06854.png,145.29,1
train_06855.png,281.35,0
train_06856.png,11.08,1
train_06857.png,275.17,0
train_06858.png,120.1,1
train_06859.png,288.97,0
train_06860.png,86.6,1
train_06861.png,298.63,1
train_06862.png,318.99,0
train_06863.png,223.94,1
train_06864.png,349.28,1
train_06865.png,123.2,0
train_06866.png,150.43,1
train_06867.png,359.24,1
train_06868.png,337.27,0
train_06869.png,306.39,1
train_06870.png,110.32,1
train_06871.png,273.68,0
train_06872.png,358.92,0
train_06873.png,317.33,0
train_06874.png,309.17,0
train_06875.png,75.15,1
train_06876.png,232.9,1
train_06877.png,337.79,0
train_06878.png,283.9,0
train_06879.png,195.25,1
train_06880.png,275.36,0
train_06881.png,299.44,0
train_06882.png,53.55,1
train_06883.png,276.95,0
train_06884.png,170.16,1
train_06885.png,89.6,1
train_06886.png,314.37,0
train_06887.png,321.15,0
train_06888.png,136.89,1
train_06889.png,162.77,1
train_06890.png,282.21,1
train_06891.png,118.19,1
train_06892.png,317.11,0
train_06893.png,105.18,1
train_06894.png,16.12,1
train_06895.png,278.6,0
train_06896.png,259.73,1
train_06897.png,28.26,1
train_06898.png,138.31,1
train_06899.png,324.8,1
train_06900.png,353.3,1
train_06901.png,247.29,0
train_06902.png,118.47,1
train_06903.png,276.81,0
train_06904.png,262.72,1
train_06905.png,313.47,0
train_06906.png,218.46,0
train_06907.png,347.64,0
train_06908.png,249.68,1
train_06909.png,57.65,1
train_06910.png,280.99,0
train_06911.png,330.85,0
train_06912.png,67.75,1
train_06913.png,344.46,0
train_06914.png,345.0,0
train_06915.png,305.11,1
train_06916.png,20.1,1
train_06917.png,345.21,1
train_06918.png,193.55,1
train_06919.png,357.9,1
train_06920.png,24.13,1
train_06921.png,94.89,1
train_06922.png,147.42,1
train_06923.png,150.03,1
train_06924.png,60.53,1
train_06925.png,282.22,0
train_06926.png,300.81,0
train_06927.png,108.51,1
train_06928.png,170.56,1
train_06929.png,296.14,0
train_06930.png,320.04,1
train_06931.png,190.5,1
train_06932.png,172.24,1
train_06933.png,333.85,0
train_06934.png,270.58,1
train_06935.png,345.7,0
train_06936.png,298.58,1
train_06937.png,350.93,0
train_06938.png,279.19,0
train_06939.png,75.85,1
train_06940.png,328.77,0
train_06941.png,268.19,1
train_06942.png,359.2,1
train_06943.png,202.06,1
train_06944.png,336.04,0
train_06945.png,229.94,1
train_06946.png,337.8,0
train_06947.png,110.57,1
train_06948.png,190.89,1
train_06949.png,178.05,0
train_06950.png,172.04,1
train_06951.png,95.38,1
train_06952.png,197.36,1
train_06953.png,324.41,1
train_06954.png,147.27,1
train_06955.png,338.86,1
train_06956.png,302.35,1
train_06957.png,82.39,1
train_06958.png,92.9,1
train_06959.png,177.57,0
train_06960.png,331.87,0
train_06961.png,112.21,0
train_06962.png,218.74,1
train_06963.png,263.0,1
train_06964.png,195.46,1
train_06965.png,200.96,1
train_06966.png,298.1,0
train_06967.png,322.21,1
train_06968.png,132.48,1
train_06969.png,346.55,0
train_06970.png,238.5,1
train_06971.png,287.25,0
train_06972.png,196.56,1
train_06973.png,13.45,0
train_06974.png,223.53,0
train_06975.png,279.57,0
train_06976.png,68.31,1
train_06977.png,316.27,0
train_06978.png,92.46,0
train_06979.png,146.16,1
train_06980.png,354.72,1
train_06981.png,314.48,0
train_06982.png,264.76,1
train_06983.png,187.86,1
train_06984.png,191.51,1
train_06985.png,205.91,1
train_06986.png,126.69,1
train_06987.png,349.29,0
train_06988.png,141.39,1
train_06989.png,37.28,1
train_06990.png,109.9,1
train_06991.png,275.71,1
train_06992.png,279.18,0
train_06993.png,129.27,1
train_06994.png,12.77,1
train_06995.png,225.97,1
train_06996.png,287.3,1
train_06997.png,353.28,1
train_06998.png,265.97,1
train_06999.png,280.32,1
train_07000.png,156.0,1
train_07001.png,318.41,1
train_07002.png,336.79,0
train_07003.png,67.05,1
train_07004.png,11.35,1
train_07005.png,125.46,1
train_07006.png,135.76,1
train_07007.png,328.96,0
train_07008.png,299.14,0
train_07009.png,174.8,1
train_07010.png,216.74,1
train_07011.png,341.17,0
train_07012.png,321.15,0
train_07013.png,118.13,1
train_07014.png,343.75,0
train_07015.png,359.79,0
train_07016.png,354.24,0
train_07017.png,337.34,1
train_07018.png,8.96,1
train_07019.png,271.22,0
train_07020.png,76.54,1
train_07021.png,78.21,1
train_07022.png,314.49,0
train_07023.png,356.12,0
train_07024.png,329.16,0
train_07025.png,171.35,1
train_07026.png,285.39,0
train_07027.png,28.49,1
train_07028.png,84.66,1
train_07029.png,97.64,1
train_07030.png,119.13,1
train_07031.png,167.46,1
train_07032.png,238.28,1
train_07033.png,101.64,1
train_07034.png,94.62,1
train_07035.png,326.29,1
train_07036.png,22.98,1
train_07037.png,102.71,1
train_07038.png,117.71,1
train_07039.png,294.2,0
train_07040.png,157.82,1
train_07041.png,353.3,0
train_07042.png,181.82,1
train_07043.png,179.41,1
train_07044.png,292.33,1
train_07045.png,287.39,0
train_07046.png,256.34,1
train_07047.png,185.59,1
train_07048.png,346.85,0
train_07049.png,311.8,0
train_07050.png,283.08,0
train_07051.png,337.21,1
train_07052.png,291.85,0
train_07053.png,309.55,0
train_07054.png,274.87,0
train_07055.png,184.08,1
train_07056.png,285.85,0
train_07057.png,295.79,0
train_07058.png,118.9,1
train_07059.png,104.79,1
train_07060.png,176.97,0
train_07061.png,98.69,1
train_07062.png,330.14,1
train_07063.png,108.79,1
train_07064.png,333.09,0
train_07065.png,281.51,0
train_07066.png,96.93,0
train_07067.png,200.05,1
train_07068.png,270.47,1
train_07069.png,122.96,1
train_07070.png,120.93,1
train_07071.png,328.39,0
train_07072.png,231.04,1
train_07073.png,334.0,1
train_07074.png,283.29,0
train_07075.png,4.56,1
train_07076.png,358.82,1
train_07077.png,63.94,1
train_07078.png,150.39,0
train_07079.png,304.91,0
train_07080.png,63.0,1
train_07081.png,239.18,1
train_07082.png,247.54,1
train_07083.png,180.95,1
train_07084.png,299.58,0
train_07085.png,322.56,1
train_07086.png,314.53,0
train_07087.png,234.97,1
train_07088.png,342.54,1
train_07089.png,282.52,1
train_07090.png,7.87,1
train_07091.png,305.27,1
train_07092.png,104.55,1
train_07093.png,335.68,0
train_07094.png,334.28,0
train_07095.png,215.24,0
train_07096.png,331.13,0
train_07097.png,269.83,1
train_07098.png,290.13,1
train_07099.png,320.41,1
train_07100.png,138.06,1
train_07101.png,85.49,1
train_07102.png,348.93,1
train_07103.png,95.08,1
train_07104.png,55.94,1
train_07105.png,294.15,0
train_07106.png,65.87,1
train_07107.png,353.44,1
train_07108.png,136.35,1
train_07109.png,262.63,0
train_07110.png,351.15,0
train_07111.png,276.92,0
train_07112.png,221.87,0
train_07113.png,260.71,1
train_07114.png,293.12,1
train_07115.png,345.82,1
train_07116.png,326.29,0
train_07117.png,112.11,1
train_07118.png,253.84,1
train_07119.png,16.15,1
train_07120.png,183.2,1
train_07121.png,287.12,0
train_07122.png,345.16,1
train_07123.png,45.56,1
train_07124.png,273.85,0
train_07125.png,113.49,1
train_07126.png,94.49,1
train_07127.png,161.89,1
train_07128.png,69.86,1
train_07129.png,346.13,1
train_07130.png,89.09,1
train_07131.png,164.2,1
train_07132.png,290.12,0
train_07133.png,109.48,1
train_07134.png,79.11,1
train_07135.png,279.95,1
train_07136.png,9.13,1
train_07137.png,259.66,1
train_07138.png,268.87,1
train_07139.png,236.31,1
train_07140.png,348.49,0
train_07141.png,333.7,1
train_07142.png,274.4,1
train_07143.png,285.85,0
train_07144.png,67.95,1
train_07145.png,347.41,0
train_07146.png,122.28,0
train_07147.png,203.56,1
train_07148.png,55.78,1
train_07149.png,164.03,0
train_07150.png,355.1,1
train_07151.png,97.83,1
train_07152.png,314.51,0
train_07153.png,256.81,0
train_07154.png,300.65,1
train_07155.png,324.01,0
train_07156.png,273.66,0
train_07157.png,98.58,1
train_07158.png,348.95,0
train_07159.png,100.46,1
train_07160.png,274.23,0
train_07161.png,141.13,1
train_07162.png,187.0,1
train_07163.png,289.3,0
train_07164.png,349.51,0
train_07165.png,334.58,0
train_07166.png,355.67,1
train_07167.png,287.11,0
train_07168.png,319.74,1
train_07169.png,305.17,1
train_07170.png,69.31,1
train_07171.png,324.59,1
train_07172.png,258.23,1
train_07173.png,250.41,1
train_07174.png,342.15,0
train_07175.png,322.44,0
train_07176.png,113.37,0
train_07177.png,149.43,1
train_07178.png,186.0,1
train_07179.png,80.41,1
train_07180.png,252.67,1
train_07181.png,32.9,0
train_07182.png,271.24,1
train_07183.png,313.45,0
train_07184.png,305.73,1
train_07185.png,50.41,1
train_07186.png,331.57,1
train_07187.png,132.81,1
train_07188.png,344.02,1
train_07189.png,286.14,1
train_07190.png,136.87,0
train_07191.png,79.18,1
train_07192.png,357.84,1
train_07193.png,314.6,0
train_07194.png,41.79,0
train_07195.png,286.89,1
train_07196.png,239.47,1
train_07197.png,84.77,1
train_07198.png,303.31,0
train_07199.png,312.7,0
train_07200.png,103.66,1
train_07201.png,212.78,1
train_07202.png,285.33,0
train_07203.png,212.92,1
train_07204.png,330.11,1
train_07205.png,210.58,1
train_07206.png,280.05,0
train_07207.png,58.29,0
train_07208.png,5.55,1
train_07209.png,326.56,1
train_07210.png,332.72,0
train_07211.png,303.77,0
train_07212.png,28.24,0
train_07213.png,294.0,0
train_07214.png,238.08,0
train_07215.png,228.83,1
train_07216.png,297.16,1
train_07217.png,40.36,1
train_07218.png,358.58,1
train_07219.png,163.46,1
train_07220.png,191.84,1
train_07221.png,140.66,1
train_07222.png,305.71,0
train_07223.png,81.53,1
train_07224.png,201.87,1
train_07225.png,186.06,1
train_07226.png,349.05,0
train_07227.png,133.6,1
train_07228.png,289.52,1
train_07229.png,208.16,0
train_07230.png,47.37,1
train_07231.png,341.02,0
train_07232.png,145.52,1
train_07233.png,5.38,1
train_07234.png,116.7,1
train_07235.png,354.49,1
train_07236.png,308.74,1
train_07237.png,143.78,1
train_07238.png,270.42,0
train_07239.png,58.52,1
train_07240.png,359.76,1
train_07241.png,87.76,1
train_07242.png,22.97,1
train_07243.png,23.34,1
train_07244.png,12.89,1
train_07245.png,205.42,0
train_07246.png,240.82,1
train_07247.png,180.05,1
train_07248.png,354.48,0
train_07249.png,44.6,1
train_07250.png,277.21,1
train_07251.png,289.27,0
train_07252.png,145.45,1
train_07253.png,268.69,1
train_07254.png,280.09,0
train_07255.png,324.15,0
train_07256.png,97.13,1
train_07257.png,62.16,1
train_07258.png,118.58,1
train_07259.png,236.35,1
train_07260.png,71.14,1
train_07261.png,30.12,1
train_07262.png,281.87,1
train_07263.png,351.52,0
train_07264.png,258.02,1
train_07265.png,347.86,1
train_07266.png,48.16,0
train_07267.png,348.51,0
train_07268.png,202.25,1
train_07269.png,299.41,0
train_07270.png,286.58,0
train_07271.png,347.82,0
train_07272.png,277.35,0
train_07273.png,292.61,0
train_07274.png,50.13,0
train_07275.png,195.19,1
train_07276.png,301.0,0
train_07277.png,322.32,0
train_07278.png,19.07,1
train_07279.png,188.53,1
train_07280.png,43.16,1
train_07281.png,31.48,1
train_07282.png,6.06,1
train_07283.png,359.6,0
train_07284.png,358.4,0
train_07285.png,280.28,1
train_07286.png,116.62,1
train_07287.png,270.83,1
train_07288.png,313.22,1
train_07289.png,270.66,0
train_07290.png,199.36,1
train_07291.png,176.29,1
train_07292.png,74.3,1
train_07293.png,93.57,1
train_07294.png,171.08,1
train_07295.png,327.44,1
train_07296.png,192.78,1
train_07297.png,61.12,1
train_07298.png,338.93,0
train_07299.png,342.19,0
train_07300.png,12.78,1
train_07301.png,5.78,1
train_07302.png,254.46,1
train_07303.png,308.71,0
train_07304.png,36.08,1
train_07305.png,179.01,1
train_07306.png,133.58,1
train_07307.png,230.26,1
train_07308.png,258.39,1
train_07309.png,209.97,0
train_07310.png,197.95,0
train_07311.png,359.88,1
train_07312.png,269.86,1
train_07313.png,58.62,1
train_07314.png,127.28,1
train_07315.png,248.54,1
train_07316.png,313.49,0
train_07317.png,249.62,1
train_07318.png,275.53,1
train_07319.png,201.59,1
train_07320.png,169.38,1
train_07321.png,323.11,0
train_07322.png,44.53,1
train_07323.png,354.96,0
train_07324.png,132.8,1
train_07325.png,185.01,1
train_07326.png,308.03,1
train_07327.png,336.94,0
train_07328.png,306.96,0
train_07329.png,226.83,0
train_07330.png,284.88,1
train_07331.png,37.39,1
train_07332.png,153.16,1
train_07333.png,354.08,0
train_07334.png,287.85,1
train_07335.png,162.39,1
train_07336.png,299.29,0
train_07337.png,18.81,0
train_07338.png,168.4,1
train_07339.png,165.35,1
train_07340.png,150.91,1
train_07341.png,193.71,0
train_07342.png,313.49,1
train_07343.png,188.59,1
train_07344.png,31.88,1
train_07345.png,66.82,1
train_07346.png,209.02,1
train_07347.png,179.48,1
train_07348.png,347.29,0
train_07349.png,259.36,0
train_07350.png,129.3,1
train_07351.png,327.9,0
train_07352.png,66.25,1
train_07353.png,331.21,0
train_07354.png,169.14,0
train_07355.png,109.25,1
train_07356.png,260.77,1
train_07357.png,231.12,1
train_07358.png,89.87,1
train_07359.png,244.42,1
train_07360.png,225.49,1
train_07361.png,354.83,0
train_07362.png,164.52,1
train_07363.png,296.09,0
train_07364.png,94.42,0
train_07365.png,342.21,0
train_07366.png,222.53,1
train_07367.png,310.48,0
train_07368.png,337.68,1
train_07369.png,41.6,1
train_07370.png,328.12,1
train_07371.png,121.89,1
train_07372.png,139.67,0
train_07373.png,349.54,0
train_07374.png,331.66,1
train_07375.png,346.76,0
train_07376.png,155.56,1
train_07377.png,234.3,1
train_07378.png,340.46,0
train_07379.png,294.45,0
train_07380.png,332.0,0
train_07381.png,111.57,1
train_07382.png,26.34,1
train_07383.png,348.92,1
train_07384.png,306.81,1
train_07385.png,177.16,1
train_07386.png,343.86,0
train_07387.png,285.33,0
train_07388.png,288.59,0
train_07389.png,295.86,0
train_07390.png,59.89,1
train_07391.png,313.89,0
train_07392.png,122.46,1
train_07393.png,344.38,0
train_07394.png,297.77,1
train_07395.png,349.92,0
train_07396.png,60.11,1
train_07397.png,27.65,1
train_07398.png,185.88,1
train_07399.png,284.1,0
train_07400.png,353.86,1
train_07401.png,245.77,1
train_07402.png,252.99,0
train_07403.png,117.66,1
train_07404.png,319.26,0
train_07405.png,240.2,0
train_07406.png,309.13,0
train_07407.png,347.01,0
train_07408.png,285.2,1
train_07409.png,356.2,0
train_07410.png,220.56,1
train_07411.png,325.5,1
train_07412.png,352.59,1
train_07413.png,64.74,1
train_07414.png,340.19,0
train_07415.png,104.72,1
train_07416.png,107.67,1
train_07417.png,198.33,1
train_07418.png,307.95,0
train_07419.png,212.61,1
train_07420.png,211.46,1
train_07421.png,169.16,1
train_07422.png,300.4,0
train_07423.png,61.47,1
train_07424.png,59.91,1
train_07425.png,330.23,1
train_07426.png,111.95,0
train_07427.png,320.54,0
train_07428.png,91.03,1
train_07429.png,201.79,1
train_07430.png,273.24,1
train_07431.png,312.38,0
train_07432.png,71.23,1
train_07433.png,291.18,0
train_07434.png,11.38,1
train_07435.png,357.61,1
train_07436.png,322.13,0
train_07437.png,21.76,1
train_07438.png,121.98,0
train_07439.png,317.6,1
train_07440.png,149.3,1
train_07441.png,17.47,1
train_07442.png,356.52,0
train_07443.png,214.53,1
train_07444.png,60.06,1
train_07445.png,245.75,1
train_07446.png,291.8,0
train_07447.png,198.48,1
train_07448.png,359.04,1
train_07449.png,335.83,0
train_07450.png,189.28,1
train_07451.png,236.42,1
train_07452.png,272.99,1
train_07453.png,274.37,0
train_07454.png,168.68,1
train_07455.png,83.14,1
train_07456.png,352.45,0
train_07457.png,228.41,1
train_07458.png,24.76,1
train_07459.png,162.04,1
train_07460.png,142.44,1
train_07461.png,21.11,1
train_07462.png,195.67,1
train_07463.png,258.91,1
train_07464.png,318.19,1
train_07465.png,244.11,1
train_07466.png,313.03,0
train_07467.png,337.26,0
train_07468.png,262.69,1
train_07469.png,238.92,0
train_07470.png,194.17,1
train_07471.png,280.31,1
train_07472.png,347.7,0
train_07473.png,263.35,1
train_07474.png,242.02,1
train_07475.png,299.35,0
train_07476.png,109.96,1
train_07477.png,325.18,0
train_07478.png,178.02,1
train_07479.png,167.35,1
train_07480.png,39.46,1
train_07481.png,301.49,0
train_07482.png,74.55,1
train_07483.png,49.96,1
train_07484.png,258.37,1
train_07485.png,287.55,1
train_07486.png,323.49,0
train_07487.png,289.33,0
train_07488.png,335.06,1
train_07489.png,270.6,0
train_07490.png,344.7,1
train_07491.png,217.8,1
train_07492.png,323.03,0
train_07493.png,293.22,1
train_07494.png,198.12,1
train_07495.png,184.07,1
train_07496.png,8.93,1
train_07497.png,101.7,1
train_07498.png,34.88,1
train_07499.png,56.39,1
train_07500.png,317.39,1
train_07501.png,149.57,1
train_07502.png,280.76,0
train_07503.png,188.89,1
train_07504.png,85.02,1
train_07505.png,336.07,1
train_07506.png,313.41,0
train_07507.png,152.47,1
train_07508.png,75.42,1
train_07509.png,310.42,1
train_07510.png,354.36,0
train_07511.png,75.06,1
train_07512.png,322.51,1
train_07513.png,328.01,1
train_07514.png,116.37,1
train_07515.png,166.88,1
train_07516.png,353.72,1
train_07517.png,7.44,1
train_07518.png,306.92,0
train_07519.png,353.49,1
train_07520.png,172.69,1
train_07521.png,66.33,0
train_07522.png,220.84,1
train_07523.png,336.84,1
train_07524.png,282.06,0
train_07525.png,116.94,1
train_07526.png,346.81,0
train_07527.png,307.22,0
train_07528.png,311.58,0
train_07529.png,97.46,1
train_07530.png,161.69,1
train_07531.png,339.47,0
train_07532.png,102.49,1
train_07533.png,340.45,0
train_07534.png,271.54,0
train_07535.png,349.98,1
train_07536.png,72.52,1
train_07537.png,219.42,1
train_07538.png,267.66,0
train_07539.png,339.01,0
train_07540.png,315.05,0
train_07541.png,37.92,1
train_07542.png,205.63,0
train_07543.png,336.38,1
train_07544.png,86.32,1
train_07545.png,309.23,0
train_07546.png,46.29,1
train_07547.png,312.14,0
train_07548.png,67.24,1
train_07549.png,61.4,1
train_07550.png,160.5,1
train_07551.png,330.35,0
train_07552.png,278.66,1
train_07553.png,288.62,0
train_07554.png,168.63,1
train_07555.png,329.42,0
train_07556.png,338.63,1
train_07557.png,280.74,0
train_07558.png,330.95,1
train_07559.png,121.72,1
train_07560.png,144.52,1
train_07561.png,308.58,0
train_07562.png,130.98,1
train_07563.png,104.75,1
train_07564.png,147.24,1
train_07565.png,4.37,1
train_07566.png,279.12,0
train_07567.png,147.17,1
train_07568.png,188.82,0
train_07569.png,302.68,0
train_07570.png,323.53,1
train_07571.png,338.07,1
train_07572.png,185.22,1
train_07573.png,244.6,1
train_07574.png,24.82,1
train_07575.png,62.35,1
train_07576.png,176.82,1
train_07577.png,347.67,0
train_07578.png,170.02,1
train_07579.png,321.57,1
train_07580.png,25.27,1
train_07581.png,84.37,1
train_07582.png,352.7,0
train_07583.png,295.63,0
train_07584.png,245.87,1
train_07585.png,21.17,1
train_07586.png,122.28,1
train_07587.png,322.24,0
train_07588.png,314.8,1
train_07589.png,187.84,1
train_07590.png,126.89,1
train_07591.png,153.87,1
train_07592.png,337.7,0
train_07593.png,264.35,1
train_07594.png,106.8,1
train_07595.png,266.33,1
train_07596.png,273.6,0
train_07597.png,343.11,1
train_07598.png,15.42,1
train_07599.png,306.52,1
train_07600.png,240.09,1
train_07601.png,155.65,1
train_07602.png,116.21,1
train_07603.png,62.77,1
train_07604.png,271.53,0
train_07605.png,337.6,0
train_07606.png,242.52,1
train_07607.png,277.61,1
train_07608.png,142.21,1
train_07609.png,294.33,1
train_07610.png,155.76,1
train_07611.png,84.85,1
train_07612.png,184.64,1
train_07613.png,284.35,1
train_07614.png,284.43,0
train_07615.png,61.2,1
train_07616.png,309.28,0
train_07617.png,166.94,1
train_07618.png,36.56,1
train_07619.png,115.39,0
train_07620.png,343.14,1
train_07621.png,291.62,1
train_07622.png,348.82,0
train_07623.png,127.67,1
train_07624.png,100.26,1
train_07625.png,159.98,1
train_07626.png,338.24,0
train_07627.png,243.96,1
train_07628.png,272.81,1
train_07629.png,35.9,1
train_07630.png,273.91,0
train_07631.png,284.15,0
train_07632.png,313.55,0
train_07633.png,104.38,1
train_07634.png,354.74,1
train_07635.png,325.77,1
train_07636.png,255.69,1
train_07637.png,145.87,1
train_07638.png,275.91,1
train_07639.png,308.41,1
train_07640.png,114.03,0
train_07641.png,255.1,1
train_07642.png,299.25,0
train_07643.png,206.33,1
train_07644.png,147.78,0
train_07645.png,247.67,0
train_07646.png,140.67,1
train_07647.png,204.7,1
train_07648.png,3.58,1
train_07649.png,347.51,0
train_07650.png,33.57,1
train_07651.png,74.79,1
train_07652.png,342.21,0
train_07653.png,232.32,1
train_07654.png,132.36,1
train_07655.png,329.91,0
train_07656.png,121.92,1
train_07657.png,244.39,1
train_07658.png,25.01,1
train_07659.png,105.24,1
train_07660.png,288.66,0
train_07661.png,74.84,1
train_07662.png,134.74,1
train_07663.png,298.49,1
train_07664.png,327.36,0
train_07665.png,260.92,1
train_07666.png,200.54,0
train_07667.png,343.82,0
train_07668.png,318.61,0
train_07669.png,176.55,1
train_07670.png,203.48,1
train_07671.png,289.9,1
train_07672.png,282.17,0
train_07673.png,210.41,1
train_07674.png,2.03,1
train_07675.png,270.76,0
train_07676.png,261.14,1
train_07677.png,342.9,1
train_07678.png,323.73,0
train_07679.png,333.74,1
train_07680.png,315.59,0
train_07681.png,7.16,1
train_07682.png,240.71,0
train_07683.png,141.9,1
train_07684.png,317.25,1
train_07685.png,79.78,1
train_07686.png,355.58,0
train_07687.png,54.22,0
train_07688.png,73.67,1
train_07689.png,33.76,0
train_07690.png,231.39,1
train_07691.png,326.14,0
train_07692.png,68.05,1
train_07693.png,143.51,1
train_07694.png,233.82,0
train_07695.png,151.15,1
train_07696.png,7.62,1
train_07697.png,297.96,1
train_07698.png,174.01,1
train_07699.png,28.03,1
train_07700.png,301.12,1
train_07701.png,329.99,0
train_07702.png,154.46,1
train_07703.png,241.84,1
train_07704.png,186.93,1
train_07705.png,343.32,1
train_07706.png,300.59,0
train_07707.png,79.32,1
train_07708.png,46.14,1
train_07709.png,109.51,1
train_07710.png,179.44,1
train_07711.png,269.39,1
train_07712.png,209.83,1
train_07713.png,327.3,0
train_07714.png,243.13,1
train_07715.png,207.77,1
train_07716.png,30.22,1
train_07717.png,164.51,1
train_07718.png,317.42,0
train_07719.png,123.49,0
train_07720.png,335.82,0
train_07721.png,294.57,1
train_07722.png,196.96,1
train_07723.png,96.68,0
train_07724.png,312.81,0
train_07725.png,37.02,1
train_07726.png,336.19,0
train_07727.png,131.55,1
train_07728.png,116.45,1
train_07729.png,293.25,0
train_07730.png,308.22,0
train_07731.png,191.21,1
train_07732.png,344.34,1
train_07733.png,34.65,1
train_07734.png,61.98,1
train_07735.png,185.45,1
train_07736.png,347.91,0
train_07737.png,358.68,0
train_07738.png,354.07,0
train_07739.png,10.39,1
train_07740.png,320.69,1
train_07741.png,293.18,0
train_07742.png,320.43,0
train_07743.png,5.07,1
train_07744.png,159.82,1
train_07745.png,75.12,1
train_07746.png,314.61,1
train_07747.png,77.52,1
train_07748.png,84.09,1
train_07749.png,354.91,0
train_07750.png,310.11,0
train_07751.png,252.24,1
train_07752.png,288.86,0
train_07753.png,170.17,1
train_07754.png,77.88,1
train_07755.png,79.8,1
train_07756.png,168.94,1
train_07757.png,278.1,0
train_07758.png,257.57,1
train_07759.png,338.0,1
train_07760.png,39.77,0
train_07761.png,347.36,1
train_07762.png,314.09,0
train_07763.png,123.17,1
train_07764.png,140.98,1
train_07765.png,65.34,1
train_07766.png,324.63,0
train_07767.png,285.77,0
train_07768.png,162.22,1
train_07769.png,134.68,1
train_07770.png,340.06,0
train_07771.png,269.61,1
train_07772.png,277.02,0
train_07773.png,75.79,0
train_07774.png,196.28,1
train_07775.png,351.09,0
train_07776.png,20.93,1
train_07777.png,161.36,1
train_07778.png,32.04,1
train_07779.png,304.6,0
train_07780.png,74.05,1
train_07781.png,249.62,0
train_07782.png,307.28,1
train_07783.png,189.93,0
train_07784.png,337.4,0
train_07785.png,359.71,0
train_07786.png,339.45,0
train_07787.png,94.52,0
train_07788.png,306.41,0
train_07789.png,3.59,0
train_07790.png,164.89,1
train_07791.png,331.7,1
train_07792.png,26.17,1
train_07793.png,176.89,1
train_07794.png,342.61,0
train_07795.png,43.77,1
train_07796.png,306.11,1
train_07797.png,56.68,1
train_07798.png,333.76,0
train_07799.png,155.69,1
train_07800.png,323.3,0
train_07801.png,122.23,1
train_07802.png,296.6,0
train_07803.png,93.68,1
train_07804.png,67.25,1
train_07805.png,244.28,0
train_07806.png,53.33,1
train_07807.png,346.6,0
train_07808.png,272.25,0
train_07809.png,304.75,0
train_07810.png,182.6,0
train_07811.png,242.26,1
train_07812.png,318.41,0
train_07813.png,177.31,0
train_07814.png,329.19,0
train_07815.png,295.51,0
train_07816.png,340.5,1
train_07817.png,338.81,1
train_07818.png,318.01,1
train_07819.png,52.28,1
train_07820.png,136.49,1
train_07821.png,107.16,1
train_07822.png,9.95,1
train_07823.png,354.27,0
train_07824.png,107.23,1
train_07825.png,32.78,1
train_07826.png,44.55,1
train_07827.png,199.7,0
train_07828.png,133.53,1
train_07829.png,39.5,1
train_07830.png,252.07,1
train_07831.png,15.09,0
train_07832.png,273.02,0
train_07833.png,285.21,1
train_07834.png,285.36,0
train_07835.png,295.38,0
train_07836.png,71.81,1
train_07837.png,245.0,1
train_07838.png,154.31,1
train_07839.png,282.21,1
train_07840.png,21.59,1
train_07841.png,203.5,1
train_07842.png,120.7,1
train_07843.png,85.49,1
train_07844.png,327.04,0
train_07845.png,288.42,1
train_07846.png,310.9,1
train_07847.png,351.39,1
train_07848.png,131.0,1
train_07849.png,118.69,1
train_07850.png,189.54,1
train_07851.png,62.66,1
train_07852.png,312.13,0
train_07853.png,121.59,1
train_07854.png,225.94,1
